<?xml version="1.0" encoding="UTF-8" standalone="yes"?>
<addon id="game.retroarch" name="RetroArch" version="8.173.10" provider-name="Bite Your Idols!">
  <requires>
    <import addon="xbmc.python" version="2.1.0"/>
  </requires>
  <extension point="xbmc.python.pluginsource" library="addon.py">
		<provides>executable game</provides>
	</extension>
  <extension point="xbmc.addon.metadata">
    <summary lang="en">RetroArch frontend for LibreELEC</summary>
    <description lang="en">RetroArch is a frontend for emulators, game engines and media players.
It enables you to run classic games on a wide range of computers and consoles through its slick graphical interface. Settings are also unified so configuration is done once and for all.
RetroArch has advanced features like shaders, netplay, rewinding, and more!</description>
    <assets>
      <icon>icon.jpg</icon>
      <fanart>fanart.jpg</fanart>
      <screenshot>resources/screenshot01.png</screenshot>
      <screenshot>resources/screenshot02.png</screenshot>
      <screenshot>fanart.jpg</screenshot>
    </assets>
  </extension>
</addon>
