{
 "Atari 2600":{
  "numROMs":0
 },
 "Atari 5200":{
  "numROMs":0
 },
 "Atari 7800":{
  "numROMs":0
 },
 "Atari Jaguar":{
  "numROMs":0
 },
 "Atari Jaguar CD":{
  "numROMs":0
 },
 "Atari Lynx":{
  "numROMs":0
 },
 "Atari ST":{
  "numROMs":0
 },
 "Colecovision":{
  "numROMs":0
 },
 "Commodore 64":{
  "numROMs":0
 },
 "Commodore Amiga":{
  "numROMs":0
 },
 "Commodore Plus-4":{
  "numROMs":0
 },
 "Commodore VIC-20":{
  "numROMs":0
 },
 "MAME":{
  "numROMs":0
 },
 "Magnavox Odyssey2":{
  "numROMs":0
 },
 "Microsoft MS-DOS":{
  "numROMs":0
 },
 "Microsoft MSX":{
  "numROMs":0
 },
 "Microsoft MSX 2":{
  "numROMs":0
 },
 "Microsoft Windows":{
  "numROMs":0
 },
 "Microsoft Xbox":{
  "numROMs":0
 },
 "Microsoft Xbox 360":{
  "numROMs":0
 },
 "Microsoft Xbox One":{
  "numROMs":0
 },
 "NEC PC Engine":{
  "numROMs":0
 },
 "NEC PC Engine CDROM2":{
  "numROMs":0
 },
 "NEC PC-FX":{
  "numROMs":0
 },
 "NEC SuperGrafx":{
  "numROMs":0
 },
 "NEC TurboGrafx 16":{
  "numROMs":0
 },
 "NEC TurboGrafx CD":{
  "numROMs":0
 },
 "Nintendo 3DS":{
  "numROMs":0
 },
 "Nintendo 64":{
  "numROMs":0
 },
 "Nintendo DS":{
  "numROMs":0
 },
 "Nintendo DSi":{
  "numROMs":0
 },
 "Nintendo Famicom":{
  "numROMs":0
 },
 "Nintendo Famicom Disk System":{
  "numROMs":0
 },
 "Nintendo GameBoy":{
  "numROMs":0
 },
 "Nintendo GameBoy Advance":{
  "numROMs":0
 },
 "Nintendo GameBoy Color":{
  "numROMs":0
 },
 "Nintendo GameCube":{
  "numROMs":0
 },
 "Nintendo NES":{
  "numROMs":0
 },
 "Nintendo SNES":{
  "numROMs":0
 },
 "Nintendo Switch":{
  "numROMs":0
 },
 "Nintendo Virtual Boy":{
  "numROMs":0
 },
 "Nintendo Wii":{
  "numROMs":0
 },
 "Nintendo Wii U":{
  "numROMs":0
 },
 "Panasonic 3DO":{
  "numROMs":0
 },
 "Philips Videopac G7000":{
  "numROMs":0
 },
 "SNK Neo-Geo CD":{
  "numROMs":0
 },
 "SNK Neo-Geo Pocket":{
  "numROMs":0
 },
 "SNK Neo-Geo Pocket Color":{
  "numROMs":0
 },
 "Sega 32X":{
  "numROMs":0
 },
 "Sega Dreamcast":{
  "numROMs":0
 },
 "Sega Game Gear":{
  "numROMs":0
 },
 "Sega Genesis":{
  "numROMs":0
 },
 "Sega Master System":{
  "numROMs":0
 },
 "Sega MegaCD":{
  "numROMs":0
 },
 "Sega MegaDrive":{
  "numROMs":651
 },
 "Sega PICO":{
  "numROMs":0
 },
 "Sega SG-1000":{
  "numROMs":0
 },
 "Sega Saturn":{
  "numROMs":0
 },
 "Sega SegaCD":{
  "numROMs":0
 },
 "Sinclair ZX Spectrum":{
  "numROMs":0
 },
 "Sony PlayStation":{
  "numROMs":0
 },
 "Sony PlayStation 2":{
  "numROMs":0
 },
 "Sony PlayStation 3":{
  "numROMs":0
 },
 "Sony PlayStation 4":{
  "numROMs":0
 },
 "Sony PlayStation Portable":{
  "numROMs":0
 },
 "Unknown":{
  "numROMs":0
 }
}