﻿<?xml version="1.0" encoding="UTF-8" standalone="yes"?>
<addon id="repository.gamestarter" name="Gamestarter add-on repository" version="3.0.0" provider-name="Bite Your Idols!">
    <extension point="xbmc.addon.repository" name="Gamestarter add-on repository">
        <info compressed="true">https://github.com/bite-your-idols/Gamestarter/raw/master/repository.gamestarter/addons.xml</info>
        <checksum>https://github.com/bite-your-idols/Gamestarter/raw/master/repository.gamestarter/addons.xml.md5</checksum>
        <datadir zip="true">https://raw.githubusercontent.com/bite-your-idols/Gamestarter/master/repository.gamestarter/</datadir>
    </extension>
    <extension point="xbmc.addon.metadata">
        <summary>Gamestarter add-on repository</summary>
        <platform>all</platform>
    </extension>
</addon>