<theme>
    <formatVersion>3</formatVersion>
    <include>./../simple.xml</include>

	<view name="system">

		<image name="background" extra="true">
			<path>./art/gen_art_blur.jpg</path>
		</image>

		<image name="logo">
			<path>./art/gen.svg</path>
        </image>
		
		<helpsystem name="help">
			<textColor>00000088</textColor>
			<iconColor>00000088</iconColor>
		</helpsystem>
		
	</view>

	<view name="basic, detailed">
	
		<text name="system_name_1" extra="true">
			<text>SEGA</text>
			<forceUppercase>1</forceUppercase>
			<size>0.45 0.08</size>
			<pos>0.527 0.01</pos>
			<color>7b7d7f</color>
			<fontPath>./../art/OPENSANS-LIGHT.TTF</fontPath>
			<fontSize>0.055</fontSize>
			<alignment>right</alignment>
		</text>
		
		<text name="system_name_2" extra="true">
			<text>Genesis</text>
			<forceUppercase>1</forceUppercase>
			<size>0.45 0.08</size>
			<pos>0.527 0.07</pos>
			<color>7b7d7f</color>
			<fontPath>./../art/OPENSANS-LIGHT.TTF</fontPath>
			<fontSize>0.055</fontSize>
			<alignment>right</alignment>
		</text>

		<image name="logo">
			<path>./art/gen.svg</path>
			<pos>0.025 0.079</pos>
			<maxSize>0.45 0.1</maxSize>
			<origin>0 0.5</origin>
		</image>

	</view>

	<view name="basic">
	
		<textlist name="gamelist">
			<pos>0.025 0.22</pos>
			<size>0.950 0.68</size>
			<alignment>center</alignment>
			<horizontalMargin>0.01</horizontalMargin>
		</textlist>
		
	</view>

	<view name="detailed">
	
<!-- measuring rectangle
		<image name="measure" extra="true">
			<pos>0.6 0.05</pos>
			<origin>0 0</origin>
			<size>0.24 0.61</size>
			<path>./../art/white.png</path>
			<color>ff00ff</color>
		</image> 
-->

		<image name="md_image">
			<pos>0.05 0.22</pos>
<!-- 			<size>0.24 0.501</size>
 -->			<maxSize>0.445 0.601</maxSize>
			<origin>0 0</origin>
		</image>
		
		<text name="md_lbl_rating">
			<pos>2 2</pos>
		</text>
		
		<text name="md_lbl_releasedate">
			<pos>2 2</pos>
		</text>
		
		<text name="md_lbl_developer">
			<pos>2 2</pos>
			<size>0.133 0.04</size>
		</text>

		<text name="md_lbl_publisher">
			<pos>2 2</pos>
			<size>0.133 0.04</size>
		</text>
		
		<text name="md_lbl_genre">
			<pos>2 2</pos>
		</text>
		
		<text name="md_lbl_players">
			<pos>2 2</pos>
		</text>

		<text name="md_lbl_lastplayed">
			<pos>2 2</pos>
		</text>

		<text name="md_lbl_playcount">
			<pos>2 2</pos>
		</text>
		
		<text name="md_playcount">
			<pos>2 2</pos>
		</text>

		<datetime name="md_lastplayed">
			<pos>2 2</pos>
		</datetime>
		
		<text name="md_players">
			<pos>2 2</pos>
		</text>
		
		<text name="md_genre">
			<pos>2 2</pos>
		</text>

		<text name="md_publisher">
			<pos>2 2</pos>
		</text>
		
		<text name="md_developer">
			<pos>2 2</pos>
		</text>
		
		<datetime name="md_releasedate">
			<pos>2 2</pos>
		</datetime>
		
		<rating name="md_rating">
			<pos>2 2</pos>
			<size>0.028 0.028</size>
			<filledPath>./../art/star_filled_spacing.svg</filledPath>
			<unfilledPath>./../art/star_hollow_3_spacing.svg</unfilledPath>
		</rating>
		
		<text name="md_description">
			<size>0.3 0.3</size>
			<pos>2 2</pos>
		</text>
		
		<textlist name="gamelist">
			<pos>0.555 0.22</pos>
			<size>0.450 0.68</size>
			<alignment>left</alignment>
			<horizontalMargin>0.01</horizontalMargin>
		</textlist>

	</view>
	
</theme>
