<?xml version="1.0" encoding="utf-8" standalone="yes"?>
<advanced_emulator_launcher_configuration>
<launcher>
  <name>Game Boy Color</name>
  <category>GAMESTARTER</category>
  <year>1998</year>
  <genre>Fifth generation console</genre>
  <developer>Nintendo</developer>
  <rating></rating>
  <plot>The Game Boy Color, referred to as GBC, is a handheld game console manufactured by Nintendo. It was released on October 21, 1998 in Japan and was released in November of the same year in international markets. It is the successor of the Game Boy.
The Game Boy Color, as suggested by the name, features a color screen, but no backlight. It is slightly thicker and taller than the Game Boy Pocket, which is a redesigned Game Boy released in 1996. As with the original Game Boy, it has an 8-bit processor and the custom Zilog Z80 central processing unit (CPU). The original name (with its American English spelling of "color") remained unchanged even in markets where "colour" was the accepted English spelling.</plot>
  <platform>Nintendo Game Boy Color</platform>
  <application>/storage/.kodi/addons/game.retroarch/addon.sh</application>
  <args>gambatte &quot;%rom%&quot; $categoryID$ $launcherID$ $romID$</args>
  <args_extra></args_extra>
  <Asset_Prefix>Game Boy Color</Asset_Prefix>
  <ROM_path>/storage/emulators/roms/gbc/</ROM_path>
  <ROM_ext>gb|zip|gbc</ROM_ext>
  <ROM_asset_path>/storage/emulators/ael-assets/gbc/</ROM_asset_path>
</launcher>
</advanced_emulator_launcher_configuration>