<?xml version="1.0" encoding="utf-8" standalone="yes"?>
<advanced_emulator_launcher_configuration>
<launcher>
  <name>Magnavox Odyssey / Philips Videopac</name>
  <category>GAMESTARTER</category>
  <year>1978</year>
  <genre>Second generation console</genre>
  <developer>Magnavox/Philips</developer>
  <rating></rating>
  <plot>The Magnavox Odyssey², known in Europe as the Philips Videopac G7000, in Brazil as the Philips Odyssey, in the United States and Canada as the Magnavox Odyssey² and the Philips Odyssey², and also by many other names, is a home video game console released in 1978.

In the early 1970s, Magnavox was an innovator in the home video game industry. They succeeded in bringing the first home video game system to market, the Odyssey, which was quickly followed by a number of later models, each with a few technological improvements (Magnavox Odyssey series). In 1978, Magnavox, now a subsidiary of North American Philips, released the Odyssey², its new second-generation video game console.</plot>
  <platform>Magnavox Odyssey / Philips Videopac</platform>
  <application>/storage/.kodi/addons/game.retroarch/addon.sh</application>
  <args>o2em &quot;%rom%&quot; $categoryID$ $launcherID$ $romID$</args>
  <args_extra></args_extra>
  <Asset_Prefix>Magnavox Odyssey</Asset_Prefix>
  <ROM_path>/storage/emulators/roms/videopac/</ROM_path>
  <ROM_ext>bin|zip</ROM_ext>
  <ROM_asset_path>/storage/emulators/ael-assets/videopac/</ROM_asset_path>
</launcher>
</advanced_emulator_launcher_configuration>