<?xml version="1.0" encoding="utf-8" standalone="yes"?>
<advanced_emulator_launcher_configuration>
<launcher>
  <name>SCUMMVM</name>
  <category>GAMESTARTER</category>
  <year>2001</year>
  <genre></genre>
  <developer></developer>
  <rating></rating>
  <plot></plot>
  <platform></platform>
  <application>/storage/.kodi/addons/game.retroarch/addon.sh</application>
  <args>scummvm</args>
  <args_extra></args_extra>
  <Asset_Prefix>PC Ports</Asset_Prefix>
  <ROM_path>/storage/emulators/roms/scummvm/</ROM_path>
  <ROM_ext>sh</ROM_ext>
  <ROM_asset_path>/storage/emulators/ael-assets/scummvm/</ROM_asset_path>
</launcher>
</advanced_emulator_launcher_configuration>
