<?xml version="1.0" encoding="UTF-8" standalone="yes"?>
<addon id="script.gamestarter.retroarch" name="Gamestarter: UAE4ARM" version="0.0.1" provider-name="Bite Your Idols!">
  <requires>
    <import addon="xbmc.python" version="2.1.0"/>
  </requires>
  <extension point="xbmc.python.pluginsource" library="addon.py">
    <provides>executable</provides>
  </extension>
  <extension point="xbmc.addon.metadata">
    <summary lang="es">UAE4ARM Launcher for Gamestarter Installation</summary>
		<description lang="en">Launch UAE4ARM from Gamestarter Installation.</description>
    <disclaimer lang="en"></disclaimer>
    <language></language>
    <platform>all</platform>
    <license></license>
    <forum></forum>
    <website>https://github.com/bite-your-idols/gamestarter-openelec</website>
    <email></email>
    <source></source>
  </extension>
</addon>
