<?xml version="1.0" encoding="utf-8" standalone="yes"?>
<advanced_emulator_launcher version="1">
<control>
  <update_timestamp>1473406347.18</update_timestamp>
</control>
<category>
  <id>2b494a422afb2474f89a7b693328fe92</id>
  <m_name>GAMESTARTER</m_name>
  <m_genre>Emulators</m_genre>
  <m_plot>Gamestarter default category.</m_plot>
  <m_rating></m_rating>
  <finished>False</finished>
  <default_thumb>s_thumb</default_thumb>
  <default_fanart>s_fanart</default_fanart>
  <default_banner>s_banner</default_banner>
  <default_poster>s_flyer</default_poster>
  <default_clearlogo>s_banner</default_clearlogo>
  <s_thumb>/storage/.kodi/addons/repository.gamestarter/icon.png</s_thumb>
  <s_fanart>/storage/.kodi/addons/repository.gamestarter/fanart.jpg</s_fanart>
  <s_banner></s_banner>
  <s_flyer></s_flyer>
  <s_trailer></s_trailer>
</category>
<launcher>
  <id>ab94af6caf67b6d5615a4uae4arm69d82c35cf2</id>
  <m_name>Amiga 500</m_name>
  <m_year>1987</m_year>
  <m_genre></m_genre>
  <m_studio></m_studio>
  <m_plot></m_plot>
  <m_rating></m_rating>
  <platform>Unknown</platform>
  <categoryID>2b494a422afb2474f89a7b693328fe92</categoryID>
  <application>/storage/.kodi/addons/game.retroarch/addon.sh</application>
  <args>amiga &quot;%rom%&quot;</args>
  <rompath>/storage/emulators/roms/amiga/</rompath>
  <romext>adf</romext>
  <finished>False</finished>
  <minimize>False</minimize>
  <roms_base_noext></roms_base_noext>
  <nointro_xml_file></nointro_xml_file>
  <nointro_display_mode>All ROMs</nointro_display_mode>
  <pclone_launcher>False</pclone_launcher>
  <num_roms>0</num_roms>
  <num_parents>0</num_parents>
  <num_clones>0</num_clones>
  <timestamp_launcher>1471958054.4</timestamp_launcher>
  <timestamp_report>0.0</timestamp_report>
  <default_thumb>s_thumb</default_thumb>
  <default_fanart>s_fanart</default_fanart>
  <default_banner>s_banner</default_banner>
  <default_poster>s_flyer</default_poster>
  <default_clearlogo>s_banner</default_clearlogo>
  <roms_default_thumb>s_title</roms_default_thumb>
  <roms_default_fanart>s_fanart</roms_default_fanart>
  <roms_default_banner>s_banner</roms_default_banner>
  <roms_default_poster>s_flyer</roms_default_poster>
  <roms_default_clearlogo>s_clearlogo</roms_default_clearlogo>
  <s_thumb>/storage/.kodi/addons/plugin.program.advanced.emulator.launcher/gamestarter-theme/amiga.jpg</s_thumb>
  <s_fanart>/storage/.kodi/addons/plugin.program.advanced.emulator.launcher/gamestarter-theme/amiga_fanart.jpg</s_fanart>
  <s_banner></s_banner>
  <s_flyer></s_flyer>
  <s_trailer></s_trailer>
  <path_title>/storage/.kodi/userdata/addon_data/plugin.program.advanced.emulator.launcher/artworks/titles</path_title>
  <path_snap>/storage/.kodi/userdata/addon_data/plugin.program.advanced.emulator.launcher/artworks/snaps</path_snap>
  <path_fanart>/storage/.kodi/userdata/addon_data/plugin.program.advanced.emulator.launcher/artworks/fanarts</path_fanart>
  <path_banner>/storage/.kodi/userdata/addon_data/plugin.program.advanced.emulator.launcher/artworks/banners</path_banner>
  <path_clearlogo>/storage/.kodi/userdata/addon_data/plugin.program.advanced.emulator.launcher/artworks/clearlogos</path_clearlogo>
  <path_boxfront>/storage/.kodi/userdata/addon_data/plugin.program.advanced.emulator.launcher/artworks/boxfront</path_boxfront>
  <path_boxback>/storage/.kodi/userdata/addon_data/plugin.program.advanced.emulator.launcher/artworks/boxback</path_boxback>
  <path_cartridge>/storage/.kodi/userdata/addon_data/plugin.program.advanced.emulator.launcher/artworks/cartridges</path_cartridge>
  <path_flyer>/storage/.kodi/userdata/addon_data/plugin.program.advanced.emulator.launcher/artworks/flyers</path_flyer>
  <path_map>/storage/.kodi/userdata/addon_data/plugin.program.advanced.emulator.launcher/artworks/maps</path_map>
  <path_manual>/storage/.kodi/userdata/addon_data/plugin.program.advanced.emulator.launcher/artworks/manuals</path_manual>
  <path_trailer>/storage/.kodi/userdata/addon_data/plugin.program.advanced.emulator.launcher/artworks/trailers</path_trailer>
</launcher>
<launcher>
  <id>209e51c3bca2fd5c3283433c6705b9d3</id>
  <m_name>Arcade/MAME</m_name>
  <m_year>1972</m_year>
  <m_genre></m_genre>
  <m_studio></m_studio>
  <m_plot></m_plot>
  <m_rating></m_rating>
  <platform>MAME</platform>
  <categoryID>2b494a422afb2474f89a7b693328fe92</categoryID>
  <application>/storage/.kodi/addons/game.retroarch/addon.sh</application>
  <args>mame2003 &quot;%rom%&quot;</args>
  <rompath>/storage/emulators/roms/mame/</rompath>
  <romext>zip</romext>
  <finished>False</finished>
  <minimize>False</minimize>
  <roms_base_noext>roms_gamestarter_Arcade_MAME_209e51</roms_base_noext>
  <nointro_xml_file></nointro_xml_file>
  <nointro_display_mode>All ROMs</nointro_display_mode>
  <pclone_launcher>False</pclone_launcher>
  <num_roms>0</num_roms>
  <num_parents>0</num_parents>
  <num_clones>0</num_clones>
  <timestamp_launcher>1473406347.18</timestamp_launcher>
  <timestamp_report>0.0</timestamp_report>
  <default_thumb>s_thumb</default_thumb>
  <default_fanart>s_fanart</default_fanart>
  <default_banner>s_banner</default_banner>
  <default_poster>s_flyer</default_poster>
  <default_clearlogo>s_banner</default_clearlogo>
  <roms_default_thumb>s_title</roms_default_thumb>
  <roms_default_fanart>s_fanart</roms_default_fanart>
  <roms_default_banner>s_banner</roms_default_banner>
  <roms_default_poster>s_flyer</roms_default_poster>
  <roms_default_clearlogo>s_clearlogo</roms_default_clearlogo>
  <s_thumb>/storage/.kodi/addons/plugin.program.advanced.emulator.launcher/gamestarter-theme/mame.jpg</s_thumb>
  <s_fanart>/storage/.kodi/addons/plugin.program.advanced.emulator.launcher/gamestarter-theme/mame_fanart.jpg</s_fanart>
  <s_banner></s_banner>
  <s_flyer></s_flyer>
  <s_trailer></s_trailer>
  <path_title>/storage/.kodi/userdata/addon_data/plugin.program.advanced.emulator.launcher/artworks/titles</path_title>
  <path_snap>/storage/.kodi/userdata/addon_data/plugin.program.advanced.emulator.launcher/artworks/snaps</path_snap>
  <path_fanart>/storage/.kodi/userdata/addon_data/plugin.program.advanced.emulator.launcher/artworks/fanarts</path_fanart>
  <path_banner>/storage/.kodi/userdata/addon_data/plugin.program.advanced.emulator.launcher/artworks/banners</path_banner>
  <path_clearlogo>/storage/.kodi/userdata/addon_data/plugin.program.advanced.emulator.launcher/artworks/clearlogos</path_clearlogo>
  <path_boxfront>/storage/.kodi/userdata/addon_data/plugin.program.advanced.emulator.launcher/artworks/boxfront</path_boxfront>
  <path_boxback>/storage/.kodi/userdata/addon_data/plugin.program.advanced.emulator.launcher/artworks/boxback</path_boxback>
  <path_cartridge>/storage/.kodi/userdata/addon_data/plugin.program.advanced.emulator.launcher/artworks/cartridges</path_cartridge>
  <path_flyer>/storage/.kodi/userdata/addon_data/plugin.program.advanced.emulator.launcher/artworks/flyers</path_flyer>
  <path_map>/storage/.kodi/userdata/addon_data/plugin.program.advanced.emulator.launcher/artworks/maps</path_map>
  <path_manual>/storage/.kodi/userdata/addon_data/plugin.program.advanced.emulator.launcher/artworks/manuals</path_manual>
  <path_trailer>/storage/.kodi/userdata/addon_data/plugin.program.advanced.emulator.launcher/artworks/trailers</path_trailer>
</launcher>
<launcher>
  <id>209e51c3bca2fd5c3283433c67fba05b9d3</id>
  <m_name>Arcade/FBA</m_name>
  <m_year>1972</m_year>
  <m_genre></m_genre>
  <m_studio></m_studio>
  <m_plot></m_plot>
  <m_rating></m_rating>
  <platform>MAME</platform>
  <categoryID>2b494a422afb2474f89a7b693328fe92</categoryID>
  <application>/storage/.kodi/addons/game.retroarch/addon.sh</application>
  <args>fbalpha &quot;%rom%&quot;</args>
  <rompath>/storage/emulators/roms/fba/</rompath>
  <romext>zip</romext>
  <finished>False</finished>
  <minimize>False</minimize>
  <roms_base_noext>roms_gamestarter_Arcade_FBA_209e51</roms_base_noext>
  <nointro_xml_file></nointro_xml_file>
  <nointro_display_mode>All ROMs</nointro_display_mode>
  <pclone_launcher>False</pclone_launcher>
  <num_roms>0</num_roms>
  <num_parents>0</num_parents>
  <num_clones>0</num_clones>
  <timestamp_launcher>1473406347.18</timestamp_launcher>
  <timestamp_report>0.0</timestamp_report>
  <default_thumb>s_thumb</default_thumb>
  <default_fanart>s_fanart</default_fanart>
  <default_banner>s_banner</default_banner>
  <default_poster>s_flyer</default_poster>
  <default_clearlogo>s_banner</default_clearlogo>
  <roms_default_thumb>s_title</roms_default_thumb>
  <roms_default_fanart>s_fanart</roms_default_fanart>
  <roms_default_banner>s_banner</roms_default_banner>
  <roms_default_poster>s_flyer</roms_default_poster>
  <roms_default_clearlogo>s_clearlogo</roms_default_clearlogo>
  <s_thumb>/storage/.kodi/addons/plugin.program.advanced.emulator.launcher/gamestarter-theme/fba.jpg</s_thumb>
  <s_fanart>/storage/.kodi/addons/plugin.program.advanced.emulator.launcher/gamestarter-theme/fba_fanart.jpg</s_fanart>
  <s_banner></s_banner>
  <s_flyer></s_flyer>
  <s_trailer></s_trailer>
  <path_title>/storage/.kodi/userdata/addon_data/plugin.program.advanced.emulator.launcher/artworks/titles</path_title>
  <path_snap>/storage/.kodi/userdata/addon_data/plugin.program.advanced.emulator.launcher/artworks/snaps</path_snap>
  <path_fanart>/storage/.kodi/userdata/addon_data/plugin.program.advanced.emulator.launcher/artworks/fanarts</path_fanart>
  <path_banner>/storage/.kodi/userdata/addon_data/plugin.program.advanced.emulator.launcher/artworks/banners</path_banner>
  <path_clearlogo>/storage/.kodi/userdata/addon_data/plugin.program.advanced.emulator.launcher/artworks/clearlogos</path_clearlogo>
  <path_boxfront>/storage/.kodi/userdata/addon_data/plugin.program.advanced.emulator.launcher/artworks/boxfront</path_boxfront>
  <path_boxback>/storage/.kodi/userdata/addon_data/plugin.program.advanced.emulator.launcher/artworks/boxback</path_boxback>
  <path_cartridge>/storage/.kodi/userdata/addon_data/plugin.program.advanced.emulator.launcher/artworks/cartridges</path_cartridge>
  <path_flyer>/storage/.kodi/userdata/addon_data/plugin.program.advanced.emulator.launcher/artworks/flyers</path_flyer>
  <path_map>/storage/.kodi/userdata/addon_data/plugin.program.advanced.emulator.launcher/artworks/maps</path_map>
  <path_manual>/storage/.kodi/userdata/addon_data/plugin.program.advanced.emulator.launcher/artworks/manuals</path_manual>
  <path_trailer>/storage/.kodi/userdata/addon_data/plugin.program.advanced.emulator.launcher/artworks/trailers</path_trailer>
</launcher>
<launcher>
  <id>918d47f0784ac6b58748d3c856ewr26044</id>
  <m_name>Atari 2600</m_name>
  <m_year>1977</m_year>
  <m_genre></m_genre>
  <m_studio></m_studio>
  <m_plot></m_plot>
  <m_rating></m_rating>
  <platform>Unknown</platform>
  <categoryID>2b494a422afb2474f89a7b693328fe92</categoryID>
  <application>/storage/.kodi/addons/game.retroarch/addon.sh</application>
  <args>stella &quot;%rom%&quot;</args>
  <rompath>/storage/emulators/roms/atari2600</rompath>
  <romext>a26|bin|zip</romext>
  <finished>False</finished>
  <minimize>False</minimize>
  <roms_base_noext>roms_gamestarter_Atari_2600_918d47</roms_base_noext>
  <nointro_xml_file></nointro_xml_file>
  <nointro_display_mode>All ROMs</nointro_display_mode>
  <pclone_launcher>False</pclone_launcher>
  <num_roms>0</num_roms>
  <num_parents>0</num_parents>
  <num_clones>0</num_clones>
  <timestamp_launcher>1473341097.51</timestamp_launcher>
  <timestamp_report>0.0</timestamp_report>
  <default_thumb>s_thumb</default_thumb>
  <default_fanart>s_fanart</default_fanart>
  <default_banner>s_banner</default_banner>
  <default_poster>s_flyer</default_poster>
  <default_clearlogo>s_banner</default_clearlogo>
  <roms_default_thumb>s_title</roms_default_thumb>
  <roms_default_fanart>s_fanart</roms_default_fanart>
  <roms_default_banner>s_banner</roms_default_banner>
  <roms_default_poster>s_flyer</roms_default_poster>
  <roms_default_clearlogo>s_clearlogo</roms_default_clearlogo>
  <s_thumb>/storage/.kodi/addons/plugin.program.advanced.emulator.launcher/gamestarter-theme/atari2600.jpg</s_thumb>
  <s_fanart>/storage/.kodi/addons/plugin.program.advanced.emulator.launcher/gamestarter-theme/atari2600_fanart.jpg</s_fanart>
  <s_banner></s_banner>
  <s_flyer></s_flyer>
  <s_trailer></s_trailer>
  <path_title>/storage/.kodi/userdata/addon_data/plugin.program.advanced.emulator.launcher/artworks/titles</path_title>
  <path_snap>/storage/.kodi/userdata/addon_data/plugin.program.advanced.emulator.launcher/artworks/snaps</path_snap>
  <path_fanart>/storage/.kodi/userdata/addon_data/plugin.program.advanced.emulator.launcher/artworks/fanarts</path_fanart>
  <path_banner>/storage/.kodi/userdata/addon_data/plugin.program.advanced.emulator.launcher/artworks/banners</path_banner>
  <path_clearlogo>/storage/.kodi/userdata/addon_data/plugin.program.advanced.emulator.launcher/artworks/clearlogos</path_clearlogo>
  <path_boxfront>/storage/.kodi/userdata/addon_data/plugin.program.advanced.emulator.launcher/artworks/boxfront</path_boxfront>
  <path_boxback>/storage/.kodi/userdata/addon_data/plugin.program.advanced.emulator.launcher/artworks/boxback</path_boxback>
  <path_cartridge>/storage/.kodi/userdata/addon_data/plugin.program.advanced.emulator.launcher/artworks/cartridges</path_cartridge>
  <path_flyer>/storage/.kodi/userdata/addon_data/plugin.program.advanced.emulator.launcher/artworks/flyers</path_flyer>
  <path_map>/storage/.kodi/userdata/addon_data/plugin.program.advanced.emulator.launcher/artworks/maps</path_map>
  <path_manual>/storage/.kodi/userdata/addon_data/plugin.program.advanced.emulator.launcher/artworks/manuals</path_manual>
  <path_trailer>/storage/.kodi/userdata/addon_data/plugin.program.advanced.emulator.launcher/artworks/trailers</path_trailer>
</launcher>
<launcher>
  <id>ab94af6caf67b6d5615a469d82csawererdepsp</id>
  <m_name>Atari Lynx</m_name>
  <m_year>1989</m_year>
  <m_genre></m_genre>
  <m_studio></m_studio>
  <m_plot></m_plot>
  <m_rating></m_rating>
  <platform>Unknown</platform>
  <categoryID>2b494a422afb2474f89a7b693328fe92</categoryID>
  <application>/storage/.kodi/addons/game.retroarch/addon.sh</application>
  <args>handy &quot;%rom%&quot;</args>
  <rompath>/storage/emulators/roms/atarilynx/</rompath>
  <romext>lnx|zip</romext>
  <finished>False</finished>
  <minimize>False</minimize>
  <roms_base_noext>roms_gamestarter_Atari_Lynx_ab94af</roms_base_noext>
  <nointro_xml_file></nointro_xml_file>
  <nointro_display_mode>All ROMs</nointro_display_mode>
  <pclone_launcher>False</pclone_launcher>
  <num_roms>0</num_roms>
  <num_parents>0</num_parents>
  <num_clones>0</num_clones>
  <timestamp_launcher>1473341097.52</timestamp_launcher>
  <timestamp_report>0.0</timestamp_report>
  <default_thumb>s_thumb</default_thumb>
  <default_fanart>s_fanart</default_fanart>
  <default_banner>s_banner</default_banner>
  <default_poster>s_flyer</default_poster>
  <default_clearlogo>s_banner</default_clearlogo>
  <roms_default_thumb>s_title</roms_default_thumb>
  <roms_default_fanart>s_fanart</roms_default_fanart>
  <roms_default_banner>s_banner</roms_default_banner>
  <roms_default_poster>s_flyer</roms_default_poster>
  <roms_default_clearlogo>s_clearlogo</roms_default_clearlogo>
  <s_thumb>/storage/.kodi/addons/plugin.program.advanced.emulator.launcher/gamestarter-theme/atarilynx.jpg</s_thumb>
  <s_fanart>/storage/.kodi/addons/plugin.program.advanced.emulator.launcher/gamestarter-theme/atarilynx_fanart.jpg</s_fanart>
  <s_banner></s_banner>
  <s_flyer></s_flyer>
  <s_trailer></s_trailer>
  <path_title>/storage/.kodi/userdata/addon_data/plugin.program.advanced.emulator.launcher/artworks/titles</path_title>
  <path_snap>/storage/.kodi/userdata/addon_data/plugin.program.advanced.emulator.launcher/artworks/snaps</path_snap>
  <path_fanart>/storage/.kodi/userdata/addon_data/plugin.program.advanced.emulator.launcher/artworks/fanarts</path_fanart>
  <path_banner>/storage/.kodi/userdata/addon_data/plugin.program.advanced.emulator.launcher/artworks/banners</path_banner>
  <path_clearlogo>/storage/.kodi/userdata/addon_data/plugin.program.advanced.emulator.launcher/artworks/clearlogos</path_clearlogo>
  <path_boxfront>/storage/.kodi/userdata/addon_data/plugin.program.advanced.emulator.launcher/artworks/boxfront</path_boxfront>
  <path_boxback>/storage/.kodi/userdata/addon_data/plugin.program.advanced.emulator.launcher/artworks/boxback</path_boxback>
  <path_cartridge>/storage/.kodi/userdata/addon_data/plugin.program.advanced.emulator.launcher/artworks/cartridges</path_cartridge>
  <path_flyer>/storage/.kodi/userdata/addon_data/plugin.program.advanced.emulator.launcher/artworks/flyers</path_flyer>
  <path_map>/storage/.kodi/userdata/addon_data/plugin.program.advanced.emulator.launcher/artworks/maps</path_map>
  <path_manual>/storage/.kodi/userdata/addon_data/plugin.program.advanced.emulator.launcher/artworks/manuals</path_manual>
  <path_trailer>/storage/.kodi/userdata/addon_data/plugin.program.advanced.emulator.launcher/artworks/trailers</path_trailer>
</launcher>
<launcher>
  <id>13d4566ea34693ad198d66eas016wetwetasdb</id>
  <m_name>Game Gear</m_name>
  <m_year>1990</m_year>
  <m_genre></m_genre>
  <m_studio></m_studio>
  <m_plot></m_plot>
  <m_rating></m_rating>
  <platform>Unknown</platform>
  <categoryID>2b494a422afb2474f89a7b693328fe92</categoryID>
  <application>/storage/.kodi/addons/game.retroarch/addon.sh</application>
  <args>genesis_plus_gx &quot;%rom%&quot;</args>
  <rompath>/storage/emulators/roms/gamegear/</rompath>
  <romext>gg|zip</romext>
  <finished>False</finished>
  <minimize>False</minimize>
  <roms_base_noext>roms_gamestarter_Game_Gear_13d456</roms_base_noext>
  <nointro_xml_file></nointro_xml_file>
  <nointro_display_mode>All ROMs</nointro_display_mode>
  <pclone_launcher>False</pclone_launcher>
  <num_roms>0</num_roms>
  <num_parents>0</num_parents>
  <num_clones>0</num_clones>
  <timestamp_launcher>1473341097.66</timestamp_launcher>
  <timestamp_report>0.0</timestamp_report>
  <default_thumb>s_thumb</default_thumb>
  <default_fanart>s_fanart</default_fanart>
  <default_banner>s_banner</default_banner>
  <default_poster>s_flyer</default_poster>
  <default_clearlogo>s_banner</default_clearlogo>
  <roms_default_thumb>s_title</roms_default_thumb>
  <roms_default_fanart>s_fanart</roms_default_fanart>
  <roms_default_banner>s_banner</roms_default_banner>
  <roms_default_poster>s_flyer</roms_default_poster>
  <roms_default_clearlogo>s_clearlogo</roms_default_clearlogo>
  <s_thumb>/storage/.kodi/addons/plugin.program.advanced.emulator.launcher/gamestarter-theme/gamegear.jpg</s_thumb>
  <s_fanart>/storage/.kodi/addons/plugin.program.advanced.emulator.launcher/gamestarter-theme/gamegear_fanart.jpg</s_fanart>
  <s_banner></s_banner>
  <s_flyer></s_flyer>
  <s_trailer></s_trailer>
  <path_title>/storage/.kodi/userdata/addon_data/plugin.program.advanced.emulator.launcher/artworks/titles</path_title>
  <path_snap>/storage/.kodi/userdata/addon_data/plugin.program.advanced.emulator.launcher/artworks/snaps</path_snap>
  <path_fanart>/storage/.kodi/userdata/addon_data/plugin.program.advanced.emulator.launcher/artworks/fanarts</path_fanart>
  <path_banner>/storage/.kodi/userdata/addon_data/plugin.program.advanced.emulator.launcher/artworks/banners</path_banner>
  <path_clearlogo>/storage/.kodi/userdata/addon_data/plugin.program.advanced.emulator.launcher/artworks/clearlogos</path_clearlogo>
  <path_boxfront>/storage/.kodi/userdata/addon_data/plugin.program.advanced.emulator.launcher/artworks/boxfront</path_boxfront>
  <path_boxback>/storage/.kodi/userdata/addon_data/plugin.program.advanced.emulator.launcher/artworks/boxback</path_boxback>
  <path_cartridge>/storage/.kodi/userdata/addon_data/plugin.program.advanced.emulator.launcher/artworks/cartridges</path_cartridge>
  <path_flyer>/storage/.kodi/userdata/addon_data/plugin.program.advanced.emulator.launcher/artworks/flyers</path_flyer>
  <path_map>/storage/.kodi/userdata/addon_data/plugin.program.advanced.emulator.launcher/artworks/maps</path_map>
  <path_manual>/storage/.kodi/userdata/addon_data/plugin.program.advanced.emulator.launcher/artworks/manuals</path_manual>
  <path_trailer>/storage/.kodi/userdata/addon_data/plugin.program.advanced.emulator.launcher/artworks/trailers</path_trailer>
</launcher>
<launcher>
  <id>c2b7de4d1f1ffc9e7eb09866d79a156e</id>
  <m_name>Gameboy Advance</m_name>
  <m_year>2001</m_year>
  <m_genre></m_genre>
  <m_studio></m_studio>
  <m_plot></m_plot>
  <m_rating></m_rating>
  <platform>Nintendo GameBoy Advance</platform>
  <categoryID>2b494a422afb2474f89a7b693328fe92</categoryID>
  <application>/storage/.kodi/addons/game.retroarch/addon.sh</application>
  <args>gpsp &quot;%rom%&quot;</args>
  <rompath>/storage/emulators/roms/gba/</rompath>
  <romext>gba|zip</romext>
  <finished>False</finished>
  <minimize>False</minimize>
  <roms_base_noext>roms_gamestarter_Gameboy_Advance_c2b7de</roms_base_noext>
  <nointro_xml_file></nointro_xml_file>
  <nointro_display_mode>All ROMs</nointro_display_mode>
  <pclone_launcher>False</pclone_launcher>
  <num_roms>0</num_roms>
  <num_parents>0</num_parents>
  <num_clones>0</num_clones>
  <timestamp_launcher>1473371722.6</timestamp_launcher>
  <timestamp_report>0.0</timestamp_report>
  <default_thumb>s_thumb</default_thumb>
  <default_fanart>s_fanart</default_fanart>
  <default_banner>s_banner</default_banner>
  <default_poster>s_flyer</default_poster>
  <default_clearlogo>s_banner</default_clearlogo>
  <roms_default_thumb>s_title</roms_default_thumb>
  <roms_default_fanart>s_fanart</roms_default_fanart>
  <roms_default_banner>s_banner</roms_default_banner>
  <roms_default_poster>s_flyer</roms_default_poster>
  <roms_default_clearlogo>s_clearlogo</roms_default_clearlogo>
  <s_thumb>/storage/.kodi/addons/plugin.program.advanced.emulator.launcher/gamestarter-theme/gba.jpg</s_thumb>
  <s_fanart>/storage/.kodi/addons/plugin.program.advanced.emulator.launcher/gamestarter-theme/gba_fanart.jpg</s_fanart>
  <s_banner></s_banner>
  <s_flyer></s_flyer>
  <s_trailer></s_trailer>
  <path_title>/storage/.kodi/userdata/addon_data/plugin.program.advanced.emulator.launcher/artworks/titles</path_title>
  <path_snap>/storage/.kodi/userdata/addon_data/plugin.program.advanced.emulator.launcher/artworks/snaps</path_snap>
  <path_fanart>/storage/.kodi/userdata/addon_data/plugin.program.advanced.emulator.launcher/artworks/fanarts</path_fanart>
  <path_banner>/storage/.kodi/userdata/addon_data/plugin.program.advanced.emulator.launcher/artworks/banners</path_banner>
  <path_clearlogo>/storage/.kodi/userdata/addon_data/plugin.program.advanced.emulator.launcher/artworks/clearlogos</path_clearlogo>
  <path_boxfront>/storage/.kodi/userdata/addon_data/plugin.program.advanced.emulator.launcher/artworks/boxfront</path_boxfront>
  <path_boxback>/storage/.kodi/userdata/addon_data/plugin.program.advanced.emulator.launcher/artworks/boxback</path_boxback>
  <path_cartridge>/storage/.kodi/userdata/addon_data/plugin.program.advanced.emulator.launcher/artworks/cartridges</path_cartridge>
  <path_flyer>/storage/.kodi/userdata/addon_data/plugin.program.advanced.emulator.launcher/artworks/flyers</path_flyer>
  <path_map>/storage/.kodi/userdata/addon_data/plugin.program.advanced.emulator.launcher/artworks/maps</path_map>
  <path_manual>/storage/.kodi/userdata/addon_data/plugin.program.advanced.emulator.launcher/artworks/manuals</path_manual>
  <path_trailer>/storage/.kodi/userdata/addon_data/plugin.program.advanced.emulator.launcher/artworks/trailers</path_trailer>
</launcher>
<launcher>
  <id>13d4566ea34693ad198d66ed0afgameboy</id>
  <m_name>Gameboy/Gameboy Color</m_name>
  <m_year>1989</m_year>
  <m_genre></m_genre>
  <m_studio></m_studio>
  <m_plot></m_plot>
  <m_rating></m_rating>
  <platform>Nintendo GameBoy</platform>
  <categoryID>2b494a422afb2474f89a7b693328fe92</categoryID>
  <application>/storage/.kodi/addons/game.retroarch/addon.sh</application>
  <args>gambatte &quot;%rom%&quot;</args>
  <rompath>/storage/emulators/roms/gb/</rompath>
  <romext>gb|zip|gbc</romext>
  <finished>False</finished>
  <minimize>False</minimize>
  <roms_base_noext>roms_gamestarter_Gameboy_Gameboy_Color_13d456</roms_base_noext>
  <nointro_xml_file></nointro_xml_file>
  <nointro_display_mode>All ROMs</nointro_display_mode>
  <pclone_launcher>False</pclone_launcher>
  <num_roms>0</num_roms>
  <num_parents>0</num_parents>
  <num_clones>0</num_clones>
  <timestamp_launcher>1473400347.46</timestamp_launcher>
  <timestamp_report>0.0</timestamp_report>
  <default_thumb>s_thumb</default_thumb>
  <default_fanart>s_fanart</default_fanart>
  <default_banner>s_banner</default_banner>
  <default_poster>s_flyer</default_poster>
  <default_clearlogo>s_banner</default_clearlogo>
  <roms_default_thumb>s_title</roms_default_thumb>
  <roms_default_fanart>s_fanart</roms_default_fanart>
  <roms_default_banner>s_banner</roms_default_banner>
  <roms_default_poster>s_flyer</roms_default_poster>
  <roms_default_clearlogo>s_clearlogo</roms_default_clearlogo>
  <s_thumb>/storage/.kodi/addons/plugin.program.advanced.emulator.launcher/gamestarter-theme/gb.jpg</s_thumb>
  <s_fanart>/storage/.kodi/addons/plugin.program.advanced.emulator.launcher/gamestarter-theme/gb_fanart.jpg</s_fanart>
  <s_banner></s_banner>
  <s_flyer></s_flyer>
  <s_trailer></s_trailer>
  <path_title>/storage/.kodi/userdata/addon_data/plugin.program.advanced.emulator.launcher/artworks/titles</path_title>
  <path_snap>/storage/.kodi/userdata/addon_data/plugin.program.advanced.emulator.launcher/artworks/snaps</path_snap>
  <path_fanart>/storage/.kodi/userdata/addon_data/plugin.program.advanced.emulator.launcher/artworks/fanarts</path_fanart>
  <path_banner>/storage/.kodi/userdata/addon_data/plugin.program.advanced.emulator.launcher/artworks/banners</path_banner>
  <path_clearlogo>/storage/.kodi/userdata/addon_data/plugin.program.advanced.emulator.launcher/artworks/clearlogos</path_clearlogo>
  <path_boxfront>/storage/.kodi/userdata/addon_data/plugin.program.advanced.emulator.launcher/artworks/boxfront</path_boxfront>
  <path_boxback>/storage/.kodi/userdata/addon_data/plugin.program.advanced.emulator.launcher/artworks/boxback</path_boxback>
  <path_cartridge>/storage/.kodi/userdata/addon_data/plugin.program.advanced.emulator.launcher/artworks/cartridges</path_cartridge>
  <path_flyer>/storage/.kodi/userdata/addon_data/plugin.program.advanced.emulator.launcher/artworks/flyers</path_flyer>
  <path_map>/storage/.kodi/userdata/addon_data/plugin.program.advanced.emulator.launcher/artworks/maps</path_map>
  <path_manual>/storage/.kodi/userdata/addon_data/plugin.program.advanced.emulator.launcher/artworks/manuals</path_manual>
  <path_trailer>/storage/.kodi/userdata/addon_data/plugin.program.advanced.emulator.launcher/artworks/trailers</path_trailer>
</launcher>
<launcher>
  <id>918d47f0784ac6b58748dmsx5pcc6044</id>
  <m_name>MSX</m_name>
  <m_year>1983</m_year>
  <m_genre></m_genre>
  <m_studio></m_studio>
  <m_plot></m_plot>
  <m_rating></m_rating>
  <platform>Unknown</platform>
  <categoryID>2b494a422afb2474f89a7b693328fe92</categoryID>
  <application>/storage/.kodi/addons/game.retroarch/addon.sh</application>
  <args>bluemsx &quot;%rom%&quot;</args>
  <rompath>/storage/emulators/roms/msx/</rompath>
  <romext>rom|mx1|mx2|col|dsk|zip</romext>
  <finished>False</finished>
  <minimize>False</minimize>
  <roms_base_noext></roms_base_noext>
  <nointro_xml_file></nointro_xml_file>
  <nointro_display_mode>All ROMs</nointro_display_mode>
  <pclone_launcher>False</pclone_launcher>
  <num_roms>0</num_roms>
  <num_parents>0</num_parents>
  <num_clones>0</num_clones>
  <timestamp_launcher>1471958053.39</timestamp_launcher>
  <timestamp_report>0.0</timestamp_report>
  <default_thumb>s_thumb</default_thumb>
  <default_fanart>s_fanart</default_fanart>
  <default_banner>s_banner</default_banner>
  <default_poster>s_flyer</default_poster>
  <default_clearlogo>s_banner</default_clearlogo>
  <roms_default_thumb>s_title</roms_default_thumb>
  <roms_default_fanart>s_fanart</roms_default_fanart>
  <roms_default_banner>s_banner</roms_default_banner>
  <roms_default_poster>s_flyer</roms_default_poster>
  <roms_default_clearlogo>s_clearlogo</roms_default_clearlogo>
  <s_thumb>/storage/.kodi/addons/plugin.program.advanced.emulator.launcher/gamestarter-theme/msx.jpg</s_thumb>
  <s_fanart>/storage/.kodi/addons/plugin.program.advanced.emulator.launcher/gamestarter-theme/msx_fanart.jpg</s_fanart>
  <s_banner></s_banner>
  <s_flyer></s_flyer>
  <s_trailer></s_trailer>
  <path_title>/storage/.kodi/userdata/addon_data/plugin.program.advanced.emulator.launcher/artworks/titles</path_title>
  <path_snap>/storage/.kodi/userdata/addon_data/plugin.program.advanced.emulator.launcher/artworks/snaps</path_snap>
  <path_fanart>/storage/.kodi/userdata/addon_data/plugin.program.advanced.emulator.launcher/artworks/fanarts</path_fanart>
  <path_banner>/storage/.kodi/userdata/addon_data/plugin.program.advanced.emulator.launcher/artworks/banners</path_banner>
  <path_clearlogo>/storage/.kodi/userdata/addon_data/plugin.program.advanced.emulator.launcher/artworks/clearlogos</path_clearlogo>
  <path_boxfront>/storage/.kodi/userdata/addon_data/plugin.program.advanced.emulator.launcher/artworks/boxfront</path_boxfront>
  <path_boxback>/storage/.kodi/userdata/addon_data/plugin.program.advanced.emulator.launcher/artworks/boxback</path_boxback>
  <path_cartridge>/storage/.kodi/userdata/addon_data/plugin.program.advanced.emulator.launcher/artworks/cartridges</path_cartridge>
  <path_flyer>/storage/.kodi/userdata/addon_data/plugin.program.advanced.emulator.launcher/artworks/flyers</path_flyer>
  <path_map>/storage/.kodi/userdata/addon_data/plugin.program.advanced.emulator.launcher/artworks/maps</path_map>
  <path_manual>/storage/.kodi/userdata/addon_data/plugin.program.advanced.emulator.launcher/artworks/manuals</path_manual>
  <path_trailer>/storage/.kodi/userdata/addon_data/plugin.program.advanced.emulator.launcher/artworks/trailers</path_trailer>
</launcher>
<launcher>
  <id>ab94af6caf67b6d5615a469ewerwed82c35gyw</id>
  <m_name>Magnavox Odyssey/Phillips Videopac</m_name>
  <m_year>1983</m_year>
  <m_genre></m_genre>
  <m_studio></m_studio>
  <m_plot></m_plot>
  <m_rating></m_rating>
  <platform>Unknown</platform>
  <categoryID>2b494a422afb2474f89a7b693328fe92</categoryID>
  <application>/storage/.kodi/addons/game.retroarch/addon.sh</application>
  <args>o2em &quot;%rom%&quot;</args>
  <rompath>/storage/emulators/roms/videopac/</rompath>
  <romext>bin|zip</romext>
  <finished>False</finished>
  <minimize>False</minimize>
  <roms_base_noext>roms_gamestarter_Magnavox_Odyssey_Phillips_Videopac_ab94af</roms_base_noext>
  <nointro_xml_file></nointro_xml_file>
  <nointro_display_mode>All ROMs</nointro_display_mode>
  <pclone_launcher>False</pclone_launcher>
  <num_roms>0</num_roms>
  <num_parents>0</num_parents>
  <num_clones>0</num_clones>
  <timestamp_launcher>1473341097.74</timestamp_launcher>
  <timestamp_report>0.0</timestamp_report>
  <default_thumb>s_thumb</default_thumb>
  <default_fanart>s_fanart</default_fanart>
  <default_banner>s_banner</default_banner>
  <default_poster>s_flyer</default_poster>
  <default_clearlogo>s_banner</default_clearlogo>
  <roms_default_thumb>s_title</roms_default_thumb>
  <roms_default_fanart>s_fanart</roms_default_fanart>
  <roms_default_banner>s_banner</roms_default_banner>
  <roms_default_poster>s_flyer</roms_default_poster>
  <roms_default_clearlogo>s_clearlogo</roms_default_clearlogo>
  <s_thumb>/storage/.kodi/addons/plugin.program.advanced.emulator.launcher/gamestarter-theme/videopac.jpg</s_thumb>
  <s_fanart>/storage/.kodi/addons/plugin.program.advanced.emulator.launcher/gamestarter-theme/videopac_fanart.jpg</s_fanart>
  <s_banner></s_banner>
  <s_flyer></s_flyer>
  <s_trailer></s_trailer>
  <path_title>/storage/.kodi/userdata/addon_data/plugin.program.advanced.emulator.launcher/artworks/titles</path_title>
  <path_snap>/storage/.kodi/userdata/addon_data/plugin.program.advanced.emulator.launcher/artworks/snaps</path_snap>
  <path_fanart>/storage/.kodi/userdata/addon_data/plugin.program.advanced.emulator.launcher/artworks/fanarts</path_fanart>
  <path_banner>/storage/.kodi/userdata/addon_data/plugin.program.advanced.emulator.launcher/artworks/banners</path_banner>
  <path_clearlogo>/storage/.kodi/userdata/addon_data/plugin.program.advanced.emulator.launcher/artworks/clearlogos</path_clearlogo>
  <path_boxfront>/storage/.kodi/userdata/addon_data/plugin.program.advanced.emulator.launcher/artworks/boxfront</path_boxfront>
  <path_boxback>/storage/.kodi/userdata/addon_data/plugin.program.advanced.emulator.launcher/artworks/boxback</path_boxback>
  <path_cartridge>/storage/.kodi/userdata/addon_data/plugin.program.advanced.emulator.launcher/artworks/cartridges</path_cartridge>
  <path_flyer>/storage/.kodi/userdata/addon_data/plugin.program.advanced.emulator.launcher/artworks/flyers</path_flyer>
  <path_map>/storage/.kodi/userdata/addon_data/plugin.program.advanced.emulator.launcher/artworks/maps</path_map>
  <path_manual>/storage/.kodi/userdata/addon_data/plugin.program.advanced.emulator.launcher/artworks/manuals</path_manual>
  <path_trailer>/storage/.kodi/userdata/addon_data/plugin.program.advanced.emulator.launcher/artworks/trailers</path_trailer>
</launcher>
<launcher>
  <id>13d4566ea34693ad198d66ed0af0c016b</id>
  <m_name>Master System</m_name>
  <m_year>1985</m_year>
  <m_genre></m_genre>
  <m_studio></m_studio>
  <m_plot></m_plot>
  <m_rating></m_rating>
  <platform>Sega Master System/Mark III</platform>
  <categoryID>2b494a422afb2474f89a7b693328fe92</categoryID>
  <application>/storage/.kodi/addons/game.retroarch/addon.sh</application>
  <args>picodrive &quot;%rom%&quot;</args>
  <rompath>/storage/emulators/roms/mastersystem/</rompath>
  <romext>sms|zip</romext>
  <finished>False</finished>
  <minimize>False</minimize>
  <roms_base_noext></roms_base_noext>
  <nointro_xml_file></nointro_xml_file>
  <nointro_display_mode>All ROMs</nointro_display_mode>
  <pclone_launcher>False</pclone_launcher>
  <num_roms>0</num_roms>
  <num_parents>0</num_parents>
  <num_clones>0</num_clones>
  <timestamp_launcher>1473371774.39</timestamp_launcher>
  <timestamp_report>0.0</timestamp_report>
  <default_thumb>s_thumb</default_thumb>
  <default_fanart>s_fanart</default_fanart>
  <default_banner>s_banner</default_banner>
  <default_poster>s_flyer</default_poster>
  <default_clearlogo>s_banner</default_clearlogo>
  <roms_default_thumb>s_title</roms_default_thumb>
  <roms_default_fanart>s_fanart</roms_default_fanart>
  <roms_default_banner>s_banner</roms_default_banner>
  <roms_default_poster>s_flyer</roms_default_poster>
  <roms_default_clearlogo>s_clearlogo</roms_default_clearlogo>
  <s_thumb>/storage/.kodi/addons/plugin.program.advanced.emulator.launcher/gamestarter-theme/mastersystem.jpg</s_thumb>
  <s_fanart>/storage/.kodi/addons/plugin.program.advanced.emulator.launcher/gamestarter-theme/mastersystem_fanart.jpg</s_fanart>
  <s_banner></s_banner>
  <s_flyer></s_flyer>
  <s_trailer></s_trailer>
  <path_title>/storage/.kodi/userdata/addon_data/plugin.program.advanced.emulator.launcher/artworks/titles</path_title>
  <path_snap>/storage/.kodi/userdata/addon_data/plugin.program.advanced.emulator.launcher/artworks/snaps</path_snap>
  <path_fanart>/storage/.kodi/userdata/addon_data/plugin.program.advanced.emulator.launcher/artworks/fanarts</path_fanart>
  <path_banner>/storage/.kodi/userdata/addon_data/plugin.program.advanced.emulator.launcher/artworks/banners</path_banner>
  <path_clearlogo>/storage/.kodi/userdata/addon_data/plugin.program.advanced.emulator.launcher/artworks/clearlogos</path_clearlogo>
  <path_boxfront>/storage/.kodi/userdata/addon_data/plugin.program.advanced.emulator.launcher/artworks/boxfront</path_boxfront>
  <path_boxback>/storage/.kodi/userdata/addon_data/plugin.program.advanced.emulator.launcher/artworks/boxback</path_boxback>
  <path_cartridge>/storage/.kodi/userdata/addon_data/plugin.program.advanced.emulator.launcher/artworks/cartridges</path_cartridge>
  <path_flyer>/storage/.kodi/userdata/addon_data/plugin.program.advanced.emulator.launcher/artworks/flyers</path_flyer>
  <path_map>/storage/.kodi/userdata/addon_data/plugin.program.advanced.emulator.launcher/artworks/maps</path_map>
  <path_manual>/storage/.kodi/userdata/addon_data/plugin.program.advanced.emulator.launcher/artworks/manuals</path_manual>
  <path_trailer>/storage/.kodi/userdata/addon_data/plugin.program.advanced.emulator.launcher/artworks/trailers</path_trailer>
</launcher>
<launcher>
  <id>13d4566ea34693ad198d66ed0af0c016a</id>
  <m_name>Megadrive/Mega CD</m_name>
  <m_year>1988</m_year>
  <m_genre></m_genre>
  <m_studio></m_studio>
  <m_plot></m_plot>
  <m_rating></m_rating>
  <platform>Sega MegaDrive/Genesis</platform>
  <categoryID>2b494a422afb2474f89a7b693328fe92</categoryID>
  <application>/storage/.kodi/addons/game.retroarch/addon.sh</application>
  <args>genesis_plus_gx &quot;%rom%&quot;</args>
  <rompath>/storage/emulators/roms/megadrive/</rompath>
  <romext>smd|md|bin|zip</romext>
  <finished>False</finished>
  <minimize>False</minimize>
  <roms_base_noext>roms_gamestarter_Megadrive_Mega_CD_13d456</roms_base_noext>
  <nointro_xml_file></nointro_xml_file>
  <nointro_display_mode>All ROMs</nointro_display_mode>
  <pclone_launcher>False</pclone_launcher>
  <num_roms>0</num_roms>
  <num_parents>0</num_parents>
  <num_clones>0</num_clones>
  <timestamp_launcher>1473371798.87</timestamp_launcher>
  <timestamp_report>0.0</timestamp_report>
  <default_thumb>s_thumb</default_thumb>
  <default_fanart>s_fanart</default_fanart>
  <default_banner>s_banner</default_banner>
  <default_poster>s_flyer</default_poster>
  <default_clearlogo>s_banner</default_clearlogo>
  <roms_default_thumb>s_title</roms_default_thumb>
  <roms_default_fanart>s_fanart</roms_default_fanart>
  <roms_default_banner>s_banner</roms_default_banner>
  <roms_default_poster>s_flyer</roms_default_poster>
  <roms_default_clearlogo>s_clearlogo</roms_default_clearlogo>
  <s_thumb>/storage/.kodi/addons/plugin.program.advanced.emulator.launcher/gamestarter-theme/megadrive.jpg</s_thumb>
  <s_fanart>/storage/.kodi/addons/plugin.program.advanced.emulator.launcher/gamestarter-theme/megadrive_fanart.jpg</s_fanart>
  <s_banner></s_banner>
  <s_flyer></s_flyer>
  <s_trailer></s_trailer>
  <path_title>/storage/.kodi/userdata/addon_data/plugin.program.advanced.emulator.launcher/artworks/titles</path_title>
  <path_snap>/storage/.kodi/userdata/addon_data/plugin.program.advanced.emulator.launcher/artworks/snaps</path_snap>
  <path_fanart>/storage/.kodi/userdata/addon_data/plugin.program.advanced.emulator.launcher/artworks/fanarts</path_fanart>
  <path_banner>/storage/.kodi/userdata/addon_data/plugin.program.advanced.emulator.launcher/artworks/banners</path_banner>
  <path_clearlogo>/storage/.kodi/userdata/addon_data/plugin.program.advanced.emulator.launcher/artworks/clearlogos</path_clearlogo>
  <path_boxfront>/storage/.kodi/userdata/addon_data/plugin.program.advanced.emulator.launcher/artworks/boxfront</path_boxfront>
  <path_boxback>/storage/.kodi/userdata/addon_data/plugin.program.advanced.emulator.launcher/artworks/boxback</path_boxback>
  <path_cartridge>/storage/.kodi/userdata/addon_data/plugin.program.advanced.emulator.launcher/artworks/cartridges</path_cartridge>
  <path_flyer>/storage/.kodi/userdata/addon_data/plugin.program.advanced.emulator.launcher/artworks/flyers</path_flyer>
  <path_map>/storage/.kodi/userdata/addon_data/plugin.program.advanced.emulator.launcher/artworks/maps</path_map>
  <path_manual>/storage/.kodi/userdata/addon_data/plugin.program.advanced.emulator.launcher/artworks/manuals</path_manual>
  <path_trailer>/storage/.kodi/userdata/addon_data/plugin.program.advanced.emulator.launcher/artworks/trailers</path_trailer>
</launcher>
<launcher>
  <id>5f23df964fe0fc8dc8c42c68ecc8c9ff</id>
  <m_name>NES</m_name>
  <m_year>1983</m_year>
  <m_genre></m_genre>
  <m_studio></m_studio>
  <m_plot></m_plot>
  <m_rating></m_rating>
  <platform>Nintendo NES</platform>
  <categoryID>2b494a422afb2474f89a7b693328fe92</categoryID>
  <application>/storage/.kodi/addons/game.retroarch/addon.sh</application>
  <args>fceumm &quot;%rom%&quot;</args>
  <rompath>/storage/emulators/roms/nes/</rompath>
  <romext>nes|zip</romext>
  <finished>False</finished>
  <minimize>False</minimize>
  <roms_base_noext>roms_gamestarter_NES_5f23df</roms_base_noext>
  <nointro_xml_file></nointro_xml_file>
  <nointro_display_mode>All ROMs</nointro_display_mode>
  <pclone_launcher>False</pclone_launcher>
  <num_roms>0</num_roms>
  <num_parents>0</num_parents>
  <num_clones>0</num_clones>
  <timestamp_launcher>1473406308.46</timestamp_launcher>
  <timestamp_report>1473169497.09</timestamp_report>
  <default_thumb>s_thumb</default_thumb>
  <default_fanart>s_fanart</default_fanart>
  <default_banner>s_banner</default_banner>
  <default_poster>s_flyer</default_poster>
  <default_clearlogo>s_banner</default_clearlogo>
  <roms_default_thumb>s_title</roms_default_thumb>
  <roms_default_fanart>s_fanart</roms_default_fanart>
  <roms_default_banner>s_banner</roms_default_banner>
  <roms_default_poster>s_flyer</roms_default_poster>
  <roms_default_clearlogo>s_clearlogo</roms_default_clearlogo>
  <s_thumb>/storage/.kodi/addons/plugin.program.advanced.emulator.launcher/gamestarter-theme/nes.jpg</s_thumb>
  <s_fanart>/storage/.kodi/addons/plugin.program.advanced.emulator.launcher/gamestarter-theme/nes_fanart.jpg</s_fanart>
  <s_banner></s_banner>
  <s_flyer></s_flyer>
  <s_trailer></s_trailer>
  <path_title>/storage/.kodi/userdata/addon_data/plugin.program.advanced.emulator.launcher/artworks/titles</path_title>
  <path_snap>/storage/.kodi/userdata/addon_data/plugin.program.advanced.emulator.launcher/artworks/snaps</path_snap>
  <path_fanart>/storage/.kodi/userdata/addon_data/plugin.program.advanced.emulator.launcher/artworks/fanarts</path_fanart>
  <path_banner>/storage/.kodi/userdata/addon_data/plugin.program.advanced.emulator.launcher/artworks/banners</path_banner>
  <path_clearlogo>/storage/.kodi/userdata/addon_data/plugin.program.advanced.emulator.launcher/artworks/clearlogos</path_clearlogo>
  <path_boxfront>/storage/.kodi/userdata/addon_data/plugin.program.advanced.emulator.launcher/artworks/boxfront</path_boxfront>
  <path_boxback>/storage/.kodi/userdata/addon_data/plugin.program.advanced.emulator.launcher/artworks/boxback</path_boxback>
  <path_cartridge>/storage/.kodi/userdata/addon_data/plugin.program.advanced.emulator.launcher/artworks/cartridges</path_cartridge>
  <path_flyer>/storage/.kodi/userdata/addon_data/plugin.program.advanced.emulator.launcher/artworks/flyers</path_flyer>
  <path_map>/storage/.kodi/userdata/addon_data/plugin.program.advanced.emulator.launcher/artworks/maps</path_map>
  <path_manual>/storage/.kodi/userdata/addon_data/plugin.program.advanced.emulator.launcher/artworks/manuals</path_manual>
  <path_trailer>/storage/.kodi/userdata/addon_data/plugin.program.advanced.emulator.launcher/artworks/trailers</path_trailer>
</launcher>
<launcher>
  <id>ae343a4b0573894e7aewrer3c37b278290fasd1</id>
  <m_name>NeoGeo</m_name>
  <m_year>1990</m_year>
  <m_genre></m_genre>
  <m_studio></m_studio>
  <m_plot></m_plot>
  <m_rating></m_rating>
  <platform>Unknown</platform>
  <categoryID>2b494a422afb2474f89a7b693328fe92</categoryID>
  <application>/storage/.kodi/addons/game.retroarch/addon.sh</application>
  <args>fbalpha &quot;%rom%&quot;</args>
  <rompath>/storage/emulators/roms/neogeo/</rompath>
  <romext>zip</romext>
  <finished>False</finished>
  <minimize>False</minimize>
  <roms_base_noext>roms_gamestarter_NeoGeo_ae343a</roms_base_noext>
  <nointro_xml_file></nointro_xml_file>
  <nointro_display_mode>All ROMs</nointro_display_mode>
  <pclone_launcher>False</pclone_launcher>
  <num_roms>0</num_roms>
  <num_parents>0</num_parents>
  <num_clones>0</num_clones>
  <timestamp_launcher>1473341097.67</timestamp_launcher>
  <timestamp_report>0.0</timestamp_report>
  <default_thumb>s_thumb</default_thumb>
  <default_fanart>s_fanart</default_fanart>
  <default_banner>s_banner</default_banner>
  <default_poster>s_flyer</default_poster>
  <default_clearlogo>s_banner</default_clearlogo>
  <roms_default_thumb>s_title</roms_default_thumb>
  <roms_default_fanart>s_fanart</roms_default_fanart>
  <roms_default_banner>s_banner</roms_default_banner>
  <roms_default_poster>s_flyer</roms_default_poster>
  <roms_default_clearlogo>s_clearlogo</roms_default_clearlogo>
  <s_thumb>/storage/.kodi/addons/plugin.program.advanced.emulator.launcher/gamestarter-theme/neogeo.jpg</s_thumb>
  <s_fanart>/storage/.kodi/addons/plugin.program.advanced.emulator.launcher/gamestarter-theme/neogeo_fanart.jpg</s_fanart>
  <s_banner></s_banner>
  <s_flyer></s_flyer>
  <s_trailer></s_trailer>
  <path_title>/storage/.kodi/userdata/addon_data/plugin.program.advanced.emulator.launcher/artworks/titles</path_title>
  <path_snap>/storage/.kodi/userdata/addon_data/plugin.program.advanced.emulator.launcher/artworks/snaps</path_snap>
  <path_fanart>/storage/.kodi/userdata/addon_data/plugin.program.advanced.emulator.launcher/artworks/fanarts</path_fanart>
  <path_banner>/storage/.kodi/userdata/addon_data/plugin.program.advanced.emulator.launcher/artworks/banners</path_banner>
  <path_clearlogo>/storage/.kodi/userdata/addon_data/plugin.program.advanced.emulator.launcher/artworks/clearlogos</path_clearlogo>
  <path_boxfront>/storage/.kodi/userdata/addon_data/plugin.program.advanced.emulator.launcher/artworks/boxfront</path_boxfront>
  <path_boxback>/storage/.kodi/userdata/addon_data/plugin.program.advanced.emulator.launcher/artworks/boxback</path_boxback>
  <path_cartridge>/storage/.kodi/userdata/addon_data/plugin.program.advanced.emulator.launcher/artworks/cartridges</path_cartridge>
  <path_flyer>/storage/.kodi/userdata/addon_data/plugin.program.advanced.emulator.launcher/artworks/flyers</path_flyer>
  <path_map>/storage/.kodi/userdata/addon_data/plugin.program.advanced.emulator.launcher/artworks/maps</path_map>
  <path_manual>/storage/.kodi/userdata/addon_data/plugin.program.advanced.emulator.launcher/artworks/manuals</path_manual>
  <path_trailer>/storage/.kodi/userdata/addon_data/plugin.program.advanced.emulator.launcher/artworks/trailers</path_trailer>
</launcher>
<launcher>
  <id>3d6c241ad2e88ae51789a62ad30915f1</id>
  <m_name>Nintendo 64</m_name>
  <m_year>1996</m_year>
  <m_genre></m_genre>
  <m_studio></m_studio>
  <m_plot></m_plot>
  <m_rating></m_rating>
  <platform>Nintendo 64</platform>
  <categoryID>2b494a422afb2474f89a7b693328fe92</categoryID>
  <application>/storage/.kodi/addons/game.retroarch/addon.sh</application>
  <args>mupen64plus &quot;%rom%&quot;</args>
  <rompath>/storage/emulators/roms/n64/</rompath>
  <romext>v64|n64|z64|zip</romext>
  <finished>False</finished>
  <minimize>False</minimize>
  <roms_base_noext></roms_base_noext>
  <nointro_xml_file></nointro_xml_file>
  <nointro_display_mode>All ROMs</nointro_display_mode>
  <pclone_launcher>False</pclone_launcher>
  <num_roms>0</num_roms>
  <num_parents>0</num_parents>
  <num_clones>0</num_clones>
  <timestamp_launcher>1473371883.59</timestamp_launcher>
  <timestamp_report>0.0</timestamp_report>
  <default_thumb>s_thumb</default_thumb>
  <default_fanart>s_fanart</default_fanart>
  <default_banner>s_banner</default_banner>
  <default_poster>s_flyer</default_poster>
  <default_clearlogo>s_banner</default_clearlogo>
  <roms_default_thumb>s_title</roms_default_thumb>
  <roms_default_fanart>s_fanart</roms_default_fanart>
  <roms_default_banner>s_banner</roms_default_banner>
  <roms_default_poster>s_flyer</roms_default_poster>
  <roms_default_clearlogo>s_clearlogo</roms_default_clearlogo>
  <s_thumb>/storage/.kodi/addons/plugin.program.advanced.emulator.launcher/gamestarter-theme/n64.jpg</s_thumb>
  <s_fanart>/storage/.kodi/addons/plugin.program.advanced.emulator.launcher/gamestarter-theme/n64_fanart.jpg</s_fanart>
  <s_banner></s_banner>
  <s_flyer></s_flyer>
  <s_trailer></s_trailer>
  <path_title>/storage/.kodi/userdata/addon_data/plugin.program.advanced.emulator.launcher/artworks/titles</path_title>
  <path_snap>/storage/.kodi/userdata/addon_data/plugin.program.advanced.emulator.launcher/artworks/snaps</path_snap>
  <path_fanart>/storage/.kodi/userdata/addon_data/plugin.program.advanced.emulator.launcher/artworks/fanarts</path_fanart>
  <path_banner>/storage/.kodi/userdata/addon_data/plugin.program.advanced.emulator.launcher/artworks/banners</path_banner>
  <path_clearlogo>/storage/.kodi/userdata/addon_data/plugin.program.advanced.emulator.launcher/artworks/clearlogos</path_clearlogo>
  <path_boxfront>/storage/.kodi/userdata/addon_data/plugin.program.advanced.emulator.launcher/artworks/boxfront</path_boxfront>
  <path_boxback>/storage/.kodi/userdata/addon_data/plugin.program.advanced.emulator.launcher/artworks/boxback</path_boxback>
  <path_cartridge>/storage/.kodi/userdata/addon_data/plugin.program.advanced.emulator.launcher/artworks/cartridges</path_cartridge>
  <path_flyer>/storage/.kodi/userdata/addon_data/plugin.program.advanced.emulator.launcher/artworks/flyers</path_flyer>
  <path_map>/storage/.kodi/userdata/addon_data/plugin.program.advanced.emulator.launcher/artworks/maps</path_map>
  <path_manual>/storage/.kodi/userdata/addon_data/plugin.program.advanced.emulator.launcher/artworks/manuals</path_manual>
  <path_trailer>/storage/.kodi/userdata/addon_data/plugin.program.advanced.emulator.launcher/artworks/trailers</path_trailer>
</launcher>
<launcher>
  <id>cccfdd30f94c130b3ae90a5ef4bf31fd</id>
  <m_name>PC Engine/PC Engine CD</m_name>
  <m_year>1987</m_year>
  <m_genre></m_genre>
  <m_studio></m_studio>
  <m_plot></m_plot>
  <m_rating></m_rating>
  <platform>NEC PC Engine/TurboGrafx 16</platform>
  <categoryID>2b494a422afb2474f89a7b693328fe92</categoryID>
  <application>/storage/.kodi/addons/game.retroarch/addon.sh</application>
  <args>mednafen_pce_fast &quot;%rom%&quot;</args>
  <rompath>/storage/emulators/roms/pcengine/</rompath>
  <romext>pce|cue</romext>
  <finished>False</finished>
  <minimize>False</minimize>
  <roms_base_noext>roms_gamestarter_PC_Engine_PC_Engine_CD_cccfdd</roms_base_noext>
  <nointro_xml_file></nointro_xml_file>
  <nointro_display_mode>All ROMs</nointro_display_mode>
  <pclone_launcher>False</pclone_launcher>
  <num_roms>0</num_roms>
  <num_parents>0</num_parents>
  <num_clones>0</num_clones>
  <timestamp_launcher>1473371905.54</timestamp_launcher>
  <timestamp_report>0.0</timestamp_report>
  <default_thumb>s_thumb</default_thumb>
  <default_fanart>s_fanart</default_fanart>
  <default_banner>s_banner</default_banner>
  <default_poster>s_flyer</default_poster>
  <default_clearlogo>s_banner</default_clearlogo>
  <roms_default_thumb>s_title</roms_default_thumb>
  <roms_default_fanart>s_fanart</roms_default_fanart>
  <roms_default_banner>s_banner</roms_default_banner>
  <roms_default_poster>s_flyer</roms_default_poster>
  <roms_default_clearlogo>s_clearlogo</roms_default_clearlogo>
  <s_thumb>/storage/.kodi/addons/plugin.program.advanced.emulator.launcher/gamestarter-theme/pcengine.jpg</s_thumb>
  <s_fanart>/storage/.kodi/addons/plugin.program.advanced.emulator.launcher/gamestarter-theme/pcengine_fanart.jpg</s_fanart>
  <s_banner></s_banner>
  <s_flyer></s_flyer>
  <s_trailer></s_trailer>
  <path_title>/storage/.kodi/userdata/addon_data/plugin.program.advanced.emulator.launcher/artworks/titles</path_title>
  <path_snap>/storage/.kodi/userdata/addon_data/plugin.program.advanced.emulator.launcher/artworks/snaps</path_snap>
  <path_fanart>/storage/.kodi/userdata/addon_data/plugin.program.advanced.emulator.launcher/artworks/fanarts</path_fanart>
  <path_banner>/storage/.kodi/userdata/addon_data/plugin.program.advanced.emulator.launcher/artworks/banners</path_banner>
  <path_clearlogo>/storage/.kodi/userdata/addon_data/plugin.program.advanced.emulator.launcher/artworks/clearlogos</path_clearlogo>
  <path_boxfront>/storage/.kodi/userdata/addon_data/plugin.program.advanced.emulator.launcher/artworks/boxfront</path_boxfront>
  <path_boxback>/storage/.kodi/userdata/addon_data/plugin.program.advanced.emulator.launcher/artworks/boxback</path_boxback>
  <path_cartridge>/storage/.kodi/userdata/addon_data/plugin.program.advanced.emulator.launcher/artworks/cartridges</path_cartridge>
  <path_flyer>/storage/.kodi/userdata/addon_data/plugin.program.advanced.emulator.launcher/artworks/flyers</path_flyer>
  <path_map>/storage/.kodi/userdata/addon_data/plugin.program.advanced.emulator.launcher/artworks/maps</path_map>
  <path_manual>/storage/.kodi/userdata/addon_data/plugin.program.advanced.emulator.launcher/artworks/manuals</path_manual>
  <path_trailer>/storage/.kodi/userdata/addon_data/plugin.program.advanced.emulator.launcher/artworks/trailers</path_trailer>
</launcher>
<!-- <launcher>
  <id>918d47f0784ac6b58748d3c85gms044</id>
  <m_name>PC Ports</m_name>
  <m_year></m_year>
  <m_genre></m_genre>
  <m_studio></m_studio>
  <m_plot></m_plot>
  <m_rating></m_rating>
  <platform>Unknown</platform>
  <categoryID>2b494a422afb2474f89a7b693328fe92</categoryID>
  <application>/storage/.kodi/addons/game.retroarch/addon.sh</application>
  <args>ports %rom%</args>
  <rompath>/storage/emulators/roms/ports/</rompath>
  <romext>sh</romext>
  <finished>False</finished>
  <minimize>False</minimize>
  <roms_base_noext>roms_gamestarter_PC_Ports_918d47</roms_base_noext>
  <nointro_xml_file></nointro_xml_file>
  <nointro_display_mode>All ROMs</nointro_display_mode>
  <pclone_launcher>False</pclone_launcher>
  <num_roms>0</num_roms>
  <num_parents>0</num_parents>
  <num_clones>0</num_clones>
  <timestamp_launcher>1471958053.77</timestamp_launcher>
  <timestamp_report>0.0</timestamp_report>
  <default_thumb>s_thumb</default_thumb>
  <default_fanart>s_fanart</default_fanart>
  <default_banner>s_banner</default_banner>
  <default_poster>s_flyer</default_poster>
  <default_clearlogo>s_banner</default_clearlogo>
  <roms_default_thumb>s_title</roms_default_thumb>
  <roms_default_fanart>s_fanart</roms_default_fanart>
  <roms_default_banner>s_banner</roms_default_banner>
  <roms_default_poster>s_flyer</roms_default_poster>
  <roms_default_clearlogo>s_clearlogo</roms_default_clearlogo>
  <s_thumb>/storage/.kodi/addons/plugin.program.advanced.emulator.launcher/gamestarter-theme/ports.jpg</s_thumb>
  <s_fanart>/storage/.kodi/addons/plugin.program.advanced.emulator.launcher/gamestarter-theme/ports_fanart.jpg</s_fanart>
  <s_banner></s_banner>
  <s_flyer></s_flyer>
  <s_trailer></s_trailer>
  <path_title>/storage/.kodi/userdata/addon_data/plugin.program.advanced.emulator.launcher/artworks/titles</path_title>
  <path_snap>/storage/.kodi/userdata/addon_data/plugin.program.advanced.emulator.launcher/artworks/snaps</path_snap>
  <path_fanart>/storage/.kodi/userdata/addon_data/plugin.program.advanced.emulator.launcher/artworks/fanarts</path_fanart>
  <path_banner>/storage/.kodi/userdata/addon_data/plugin.program.advanced.emulator.launcher/artworks/banners</path_banner>
  <path_clearlogo>/storage/.kodi/userdata/addon_data/plugin.program.advanced.emulator.launcher/artworks/clearlogos</path_clearlogo>
  <path_boxfront>/storage/.kodi/userdata/addon_data/plugin.program.advanced.emulator.launcher/artworks/boxfront</path_boxfront>
  <path_boxback>/storage/.kodi/userdata/addon_data/plugin.program.advanced.emulator.launcher/artworks/boxback</path_boxback>
  <path_cartridge>/storage/.kodi/userdata/addon_data/plugin.program.advanced.emulator.launcher/artworks/cartridges</path_cartridge>
  <path_flyer>/storage/.kodi/userdata/addon_data/plugin.program.advanced.emulator.launcher/artworks/flyers</path_flyer>
  <path_map>/storage/.kodi/userdata/addon_data/plugin.program.advanced.emulator.launcher/artworks/maps</path_map>
  <path_manual>/storage/.kodi/userdata/addon_data/plugin.program.advanced.emulator.launcher/artworks/manuals</path_manual>
  <path_trailer>/storage/.kodi/userdata/addon_data/plugin.program.advanced.emulator.launcher/artworks/trailers</path_trailer>
</launcher> -->
<launcher>
  <id>ab94af6caf67b6d5615a469d82cewrwer35psp</id>
  <m_name>PSP</m_name>
  <m_year>2005</m_year>
  <m_genre></m_genre>
  <m_studio></m_studio>
  <m_plot></m_plot>
  <m_rating></m_rating>
  <platform>Unknown</platform>
  <categoryID>2b494a422afb2474f89a7b693328fe92</categoryID>
  <application>/storage/.kodi/addons/game.retroarch/addon.sh</application>
  <args>ppsspp &quot;%rom%&quot;</args>
  <rompath>/storage/emulators/roms/psp/</rompath>
  <romext>iso|cso</romext>
  <finished>False</finished>
  <minimize>False</minimize>
  <roms_base_noext>roms_gamestarter_PSP_ab94af</roms_base_noext>
  <nointro_xml_file></nointro_xml_file>
  <nointro_display_mode>All ROMs</nointro_display_mode>
  <pclone_launcher>False</pclone_launcher>
  <num_roms>0</num_roms>
  <num_parents>0</num_parents>
  <num_clones>0</num_clones>
  <timestamp_launcher>1473341097.77</timestamp_launcher>
  <timestamp_report>0.0</timestamp_report>
  <default_thumb>s_thumb</default_thumb>
  <default_fanart>s_fanart</default_fanart>
  <default_banner>s_banner</default_banner>
  <default_poster>s_flyer</default_poster>
  <default_clearlogo>s_banner</default_clearlogo>
  <roms_default_thumb>s_title</roms_default_thumb>
  <roms_default_fanart>s_fanart</roms_default_fanart>
  <roms_default_banner>s_banner</roms_default_banner>
  <roms_default_poster>s_flyer</roms_default_poster>
  <roms_default_clearlogo>s_clearlogo</roms_default_clearlogo>
  <s_thumb>/storage/.kodi/addons/plugin.program.advanced.emulator.launcher/gamestarter-theme/psp.jpg</s_thumb>
  <s_fanart>/storage/.kodi/addons/plugin.program.advanced.emulator.launcher/gamestarter-theme/psp_fanart.jpg</s_fanart>
  <s_banner></s_banner>
  <s_flyer></s_flyer>
  <s_trailer></s_trailer>
  <path_title>/storage/.kodi/userdata/addon_data/plugin.program.advanced.emulator.launcher/artworks/titles</path_title>
  <path_snap>/storage/.kodi/userdata/addon_data/plugin.program.advanced.emulator.launcher/artworks/snaps</path_snap>
  <path_fanart>/storage/.kodi/userdata/addon_data/plugin.program.advanced.emulator.launcher/artworks/fanarts</path_fanart>
  <path_banner>/storage/.kodi/userdata/addon_data/plugin.program.advanced.emulator.launcher/artworks/banners</path_banner>
  <path_clearlogo>/storage/.kodi/userdata/addon_data/plugin.program.advanced.emulator.launcher/artworks/clearlogos</path_clearlogo>
  <path_boxfront>/storage/.kodi/userdata/addon_data/plugin.program.advanced.emulator.launcher/artworks/boxfront</path_boxfront>
  <path_boxback>/storage/.kodi/userdata/addon_data/plugin.program.advanced.emulator.launcher/artworks/boxback</path_boxback>
  <path_cartridge>/storage/.kodi/userdata/addon_data/plugin.program.advanced.emulator.launcher/artworks/cartridges</path_cartridge>
  <path_flyer>/storage/.kodi/userdata/addon_data/plugin.program.advanced.emulator.launcher/artworks/flyers</path_flyer>
  <path_map>/storage/.kodi/userdata/addon_data/plugin.program.advanced.emulator.launcher/artworks/maps</path_map>
  <path_manual>/storage/.kodi/userdata/addon_data/plugin.program.advanced.emulator.launcher/artworks/manuals</path_manual>
  <path_trailer>/storage/.kodi/userdata/addon_data/plugin.program.advanced.emulator.launcher/artworks/trailers</path_trailer>
</launcher>
<launcher>
  <id>13d4566ea34693ad198d66ed0af0c016psx</id>
  <m_name>Playstation</m_name>
  <m_year>1994</m_year>
  <m_genre></m_genre>
  <m_studio></m_studio>
  <m_plot></m_plot>
  <m_rating></m_rating>
  <platform>Sony PlayStation</platform>
  <categoryID>2b494a422afb2474f89a7b693328fe92</categoryID>
  <application>/storage/.kodi/addons/game.retroarch/addon.sh</application>
  <args>pcsx_rearmed &quot;%rom%&quot;</args>
  <rompath>/storage/emulators/roms/psx/</rompath>
  <romext>bin|img|pbp|PBP|IMG|BIN</romext>
  <finished>False</finished>
  <minimize>False</minimize>
  <roms_base_noext></roms_base_noext>
  <nointro_xml_file></nointro_xml_file>
  <nointro_display_mode>All ROMs</nointro_display_mode>
  <pclone_launcher>False</pclone_launcher>
  <num_roms>0</num_roms>
  <num_parents>0</num_parents>
  <num_clones>0</num_clones>
  <timestamp_launcher>1473371935.35</timestamp_launcher>
  <timestamp_report>0.0</timestamp_report>
  <default_thumb>s_thumb</default_thumb>
  <default_fanart>s_fanart</default_fanart>
  <default_banner>s_banner</default_banner>
  <default_poster>s_flyer</default_poster>
  <default_clearlogo>s_banner</default_clearlogo>
  <roms_default_thumb>s_title</roms_default_thumb>
  <roms_default_fanart>s_fanart</roms_default_fanart>
  <roms_default_banner>s_banner</roms_default_banner>
  <roms_default_poster>s_flyer</roms_default_poster>
  <roms_default_clearlogo>s_clearlogo</roms_default_clearlogo>
  <s_thumb>/storage/.kodi/addons/plugin.program.advanced.emulator.launcher/gamestarter-theme/psx.jpg</s_thumb>
  <s_fanart>/storage/.kodi/addons/plugin.program.advanced.emulator.launcher/gamestarter-theme/psx_fanart.jpg</s_fanart>
  <s_banner></s_banner>
  <s_flyer></s_flyer>
  <s_trailer></s_trailer>
  <path_title>/storage/.kodi/userdata/addon_data/plugin.program.advanced.emulator.launcher/artworks/titles</path_title>
  <path_snap>/storage/.kodi/userdata/addon_data/plugin.program.advanced.emulator.launcher/artworks/snaps</path_snap>
  <path_fanart>/storage/.kodi/userdata/addon_data/plugin.program.advanced.emulator.launcher/artworks/fanarts</path_fanart>
  <path_banner>/storage/.kodi/userdata/addon_data/plugin.program.advanced.emulator.launcher/artworks/banners</path_banner>
  <path_clearlogo>/storage/.kodi/userdata/addon_data/plugin.program.advanced.emulator.launcher/artworks/clearlogos</path_clearlogo>
  <path_boxfront>/storage/.kodi/userdata/addon_data/plugin.program.advanced.emulator.launcher/artworks/boxfront</path_boxfront>
  <path_boxback>/storage/.kodi/userdata/addon_data/plugin.program.advanced.emulator.launcher/artworks/boxback</path_boxback>
  <path_cartridge>/storage/.kodi/userdata/addon_data/plugin.program.advanced.emulator.launcher/artworks/cartridges</path_cartridge>
  <path_flyer>/storage/.kodi/userdata/addon_data/plugin.program.advanced.emulator.launcher/artworks/flyers</path_flyer>
  <path_map>/storage/.kodi/userdata/addon_data/plugin.program.advanced.emulator.launcher/artworks/maps</path_map>
  <path_manual>/storage/.kodi/userdata/addon_data/plugin.program.advanced.emulator.launcher/artworks/manuals</path_manual>
  <path_trailer>/storage/.kodi/userdata/addon_data/plugin.program.advanced.emulator.launcher/artworks/trailers</path_trailer>
</launcher>
<launcher>
  <id>5fcb144341abe99147cc1843c0b317ef</id>
  <m_name>Super Nintendo</m_name>
  <m_year>1990</m_year>
  <m_genre></m_genre>
  <m_studio></m_studio>
  <m_plot></m_plot>
  <m_rating></m_rating>
  <platform>Nintendo SNES</platform>
  <categoryID>2b494a422afb2474f89a7b693328fe92</categoryID>
  <application>/storage/.kodi/addons/game.retroarch/addon.sh</application>
  <args>snes9x2010 &quot;%rom%&quot;</args>
  <rompath>/storage/emulators/roms/snes/</rompath>
  <romext>smc|sfc|zip</romext>
  <finished>False</finished>
  <minimize>False</minimize>
  <roms_base_noext>roms_gamestarter_Super_Nintendo_5fcb14</roms_base_noext>
  <nointro_xml_file></nointro_xml_file>
  <nointro_display_mode>All ROMs</nointro_display_mode>
  <pclone_launcher>False</pclone_launcher>
  <num_roms>0</num_roms>
  <num_parents>0</num_parents>
  <num_clones>0</num_clones>
  <timestamp_launcher>1473371961.87</timestamp_launcher>
  <timestamp_report>0.0</timestamp_report>
  <default_thumb>s_thumb</default_thumb>
  <default_fanart>s_fanart</default_fanart>
  <default_banner>s_banner</default_banner>
  <default_poster>s_flyer</default_poster>
  <default_clearlogo>s_banner</default_clearlogo>
  <roms_default_thumb>s_title</roms_default_thumb>
  <roms_default_fanart>s_fanart</roms_default_fanart>
  <roms_default_banner>s_banner</roms_default_banner>
  <roms_default_poster>s_flyer</roms_default_poster>
  <roms_default_clearlogo>s_clearlogo</roms_default_clearlogo>
  <s_thumb>/storage/.kodi/addons/plugin.program.advanced.emulator.launcher/gamestarter-theme/snes.jpg</s_thumb>
  <s_fanart>/storage/.kodi/addons/plugin.program.advanced.emulator.launcher/gamestarter-theme/snes_fanart.jpg</s_fanart>
  <s_banner></s_banner>
  <s_flyer></s_flyer>
  <s_trailer></s_trailer>
  <path_title>/storage/.kodi/userdata/addon_data/plugin.program.advanced.emulator.launcher/artworks/titles</path_title>
  <path_snap>/storage/.kodi/userdata/addon_data/plugin.program.advanced.emulator.launcher/artworks/snaps</path_snap>
  <path_fanart>/storage/.kodi/userdata/addon_data/plugin.program.advanced.emulator.launcher/artworks/fanarts</path_fanart>
  <path_banner>/storage/.kodi/userdata/addon_data/plugin.program.advanced.emulator.launcher/artworks/banners</path_banner>
  <path_clearlogo>/storage/.kodi/userdata/addon_data/plugin.program.advanced.emulator.launcher/artworks/clearlogos</path_clearlogo>
  <path_boxfront>/storage/.kodi/userdata/addon_data/plugin.program.advanced.emulator.launcher/artworks/boxfront</path_boxfront>
  <path_boxback>/storage/.kodi/userdata/addon_data/plugin.program.advanced.emulator.launcher/artworks/boxback</path_boxback>
  <path_cartridge>/storage/.kodi/userdata/addon_data/plugin.program.advanced.emulator.launcher/artworks/cartridges</path_cartridge>
  <path_flyer>/storage/.kodi/userdata/addon_data/plugin.program.advanced.emulator.launcher/artworks/flyers</path_flyer>
  <path_map>/storage/.kodi/userdata/addon_data/plugin.program.advanced.emulator.launcher/artworks/maps</path_map>
  <path_manual>/storage/.kodi/userdata/addon_data/plugin.program.advanced.emulator.launcher/artworks/manuals</path_manual>
  <path_trailer>/storage/.kodi/userdata/addon_data/plugin.program.advanced.emulator.launcher/artworks/trailers</path_trailer>
</launcher>
<launcher>
  <id>9c11294859088cb34de2bf2ac5b0f678</id>
  <m_name>ZX Spectrum</m_name>
  <m_year>1982</m_year>
  <m_genre></m_genre>
  <m_studio></m_studio>
  <m_plot></m_plot>
  <m_rating></m_rating>
  <platform>Unknown</platform>
  <categoryID>2b494a422afb2474f89a7b693328fe92</categoryID>
  <application>/storage/.kodi/addons/game.retroarch/addon.sh</application>
  <args>fuse &quot;%rom%&quot;</args>
  <rompath>/storage/emulators/roms/zxspectrum/</rompath>
  <romext>tzx|Z80|z80|zip</romext>
  <finished>False</finished>
  <minimize>False</minimize>
  <roms_base_noext>roms_gamestarter_ZX_Spectrum_9c1129</roms_base_noext>
  <nointro_xml_file></nointro_xml_file>
  <nointro_display_mode>All ROMs</nointro_display_mode>
  <pclone_launcher>False</pclone_launcher>
  <num_roms>0</num_roms>
  <num_parents>0</num_parents>
  <num_clones>0</num_clones>
  <timestamp_launcher>1471958054.14</timestamp_launcher>
  <timestamp_report>0.0</timestamp_report>
  <default_thumb>s_thumb</default_thumb>
  <default_fanart>s_fanart</default_fanart>
  <default_banner>s_banner</default_banner>
  <default_poster>s_flyer</default_poster>
  <default_clearlogo>s_banner</default_clearlogo>
  <roms_default_thumb>s_title</roms_default_thumb>
  <roms_default_fanart>s_fanart</roms_default_fanart>
  <roms_default_banner>s_banner</roms_default_banner>
  <roms_default_poster>s_flyer</roms_default_poster>
  <roms_default_clearlogo>s_clearlogo</roms_default_clearlogo>
  <s_thumb>/storage/.kodi/addons/plugin.program.advanced.emulator.launcher/gamestarter-theme/zxspectrum.jpg</s_thumb>
  <s_fanart>/storage/.kodi/addons/plugin.program.advanced.emulator.launcher/gamestarter-theme/zxspectrum_fanart.jpg</s_fanart>
  <s_banner></s_banner>
  <s_flyer></s_flyer>
  <s_trailer></s_trailer>
  <path_title>/storage/.kodi/userdata/addon_data/plugin.program.advanced.emulator.launcher/artworks/titles</path_title>
  <path_snap>/storage/.kodi/userdata/addon_data/plugin.program.advanced.emulator.launcher/artworks/snaps</path_snap>
  <path_fanart>/storage/.kodi/userdata/addon_data/plugin.program.advanced.emulator.launcher/artworks/fanarts</path_fanart>
  <path_banner>/storage/.kodi/userdata/addon_data/plugin.program.advanced.emulator.launcher/artworks/banners</path_banner>
  <path_clearlogo>/storage/.kodi/userdata/addon_data/plugin.program.advanced.emulator.launcher/artworks/clearlogos</path_clearlogo>
  <path_boxfront>/storage/.kodi/userdata/addon_data/plugin.program.advanced.emulator.launcher/artworks/boxfront</path_boxfront>
  <path_boxback>/storage/.kodi/userdata/addon_data/plugin.program.advanced.emulator.launcher/artworks/boxback</path_boxback>
  <path_cartridge>/storage/.kodi/userdata/addon_data/plugin.program.advanced.emulator.launcher/artworks/cartridges</path_cartridge>
  <path_flyer>/storage/.kodi/userdata/addon_data/plugin.program.advanced.emulator.launcher/artworks/flyers</path_flyer>
  <path_map>/storage/.kodi/userdata/addon_data/plugin.program.advanced.emulator.launcher/artworks/maps</path_map>
  <path_manual>/storage/.kodi/userdata/addon_data/plugin.program.advanced.emulator.launcher/artworks/manuals</path_manual>
  <path_trailer>/storage/.kodi/userdata/addon_data/plugin.program.advanced.emulator.launcher/artworks/trailers</path_trailer>
</launcher>
<!-- <launcher>
  <id>75fea3bdd6309e7ec48e59523fee80ec</id>
  <m_name>ScummVM</m_name>
  <m_year>2001</m_year>
  <m_genre></m_genre>
  <m_studio></m_studio>
  <m_plot></m_plot>
  <m_rating></m_rating>
  <platform>Unknown</platform>
  <categoryID>2b494a422afb2474f89a7b693328fe92</categoryID>
  <application>/storage/.kodi/addons/game.retroarch/addon.sh</application>
  <args>scummvm</args>
  <rompath>/storage/emulators/roms/scummvm/</rompath>
  <romext>sh</romext>
  <finished>False</finished>
  <minimize>False</minimize>
  <roms_base_noext>roms_gamestarter_Scummvm_75fea3</roms_base_noext>
  <nointro_xml_file></nointro_xml_file>
  <nointro_display_mode>All ROMs</nointro_display_mode>
  <pclone_launcher>False</pclone_launcher>
  <num_roms>0</num_roms>
  <num_parents>0</num_parents>
  <num_clones>0</num_clones>
  <timestamp_launcher>1473499366.65</timestamp_launcher>
  <timestamp_report>0.0</timestamp_report>
  <default_thumb>s_thumb</default_thumb>
  <default_fanart>s_fanart</default_fanart>
  <default_banner>s_banner</default_banner>
  <default_poster>s_flyer</default_poster>
  <default_clearlogo>s_banner</default_clearlogo>
  <roms_default_thumb>s_title</roms_default_thumb>
  <roms_default_fanart>s_fanart</roms_default_fanart>
  <roms_default_banner>s_banner</roms_default_banner>
  <roms_default_poster>s_flyer</roms_default_poster>
  <roms_default_clearlogo>s_clearlogo</roms_default_clearlogo>
 <s_thumb>/storage/.kodi/addons/plugin.program.advanced.emulator.launcher/gamestarter-theme/ports.jpg</s_thumb>
  <s_fanart>/storage/.kodi/addons/plugin.program.advanced.emulator.launcher/gamestarter-theme/ports_fanart.jpg</s_fanart>
  <s_banner></s_banner>
  <s_flyer></s_flyer>
  <s_trailer></s_trailer>
  <path_title>/storage/.kodi/userdata/addon_data/plugin.program.advanced.emulator.launcher/artworks/titles</path_title>
  <path_snap>/storage/.kodi/userdata/addon_data/plugin.program.advanced.emulator.launcher/artworks/snaps</path_snap>
  <path_fanart>/storage/.kodi/userdata/addon_data/plugin.program.advanced.emulator.launcher/artworks/fanarts</path_fanart>
  <path_banner>/storage/.kodi/userdata/addon_data/plugin.program.advanced.emulator.launcher/artworks/banners</path_banner>
  <path_clearlogo>/storage/.kodi/userdata/addon_data/plugin.program.advanced.emulator.launcher/artworks/clearlogos</path_clearlogo>
  <path_boxfront>/storage/.kodi/userdata/addon_data/plugin.program.advanced.emulator.launcher/artworks/boxfront</path_boxfront>
  <path_boxback>/storage/.kodi/userdata/addon_data/plugin.program.advanced.emulator.launcher/artworks/boxback</path_boxback>
  <path_cartridge>/storage/.kodi/userdata/addon_data/plugin.program.advanced.emulator.launcher/artworks/cartridges</path_cartridge>
  <path_flyer>/storage/.kodi/userdata/addon_data/plugin.program.advanced.emulator.launcher/artworks/flyers</path_flyer>
  <path_map>/storage/.kodi/userdata/addon_data/plugin.program.advanced.emulator.launcher/artworks/maps</path_map>
  <path_manual>/storage/.kodi/userdata/addon_data/plugin.program.advanced.emulator.launcher/artworks/manuals</path_manual>
  <path_trailer>/storage/.kodi/userdata/addon_data/plugin.program.advanced.emulator.launcher/artworks/trailers</path_trailer>
</launcher> -->

<launcher>
  <id>9c11294859088cb34de2bf2acds5b0f678hdd</id>
  <m_name>Nintendo DS</m_name>
  <m_year>2004</m_year>
  <m_genre></m_genre>
  <m_studio></m_studio>
  <m_plot></m_plot>
  <m_rating></m_rating>
  <platform>Unknown</platform>
  <categoryID>2b494a422afb2474f89a7b693328fe92</categoryID>
  <application>/storage/.kodi/addons/game.drastic/addon.sh</application>
  <args>drastic &quot;%rom%&quot;</args>
  <rompath>/storage/emulators/roms/nds/</rompath>
  <romext>zip|nds</romext>
  <finished>False</finished>
  <minimize>False</minimize>
  <roms_base_noext>roms_Emulators_nintendods_9c1129</roms_base_noext>
  <nointro_xml_file></nointro_xml_file>
  <pclone_launcher>False</pclone_launcher>
  <timestamp_launcher>1478390562.95</timestamp_launcher>
  <timestamp_report>0.0</timestamp_report>
  <default_thumb>s_thumb</default_thumb>
  <default_fanart>s_fanart</default_fanart>
  <default_banner>s_banner</default_banner>
  <default_poster>s_flyer</default_poster>
  <roms_default_thumb>s_title</roms_default_thumb>
  <roms_default_fanart>s_fanart</roms_default_fanart>
  <roms_default_banner>s_banner</roms_default_banner>
  <roms_default_poster>s_flyer</roms_default_poster>
  <roms_default_clearlogo>s_clearlogo</roms_default_clearlogo>
  <s_thumb>/storage/.kodi/addons/plugin.program.advanced.emulator.launcher/gamestarter-themends.jpg</s_thumb>
  <s_fanart>/storage/.kodi/addons/plugin.program.advanced.emulator.launcher/gamestarter-themends_fanart.jpg</s_fanart>
  <s_banner></s_banner>
  <s_flyer></s_flyer>
  <s_trailer></s_trailer>
  <path_title>/storage/.kodi/userdata/addon_data/plugin.program.advanced.emulator.launcher/artworks/titles</path_title>
  <path_snap>/storage/.kodi/userdata/addon_data/plugin.program.advanced.emulator.launcher/artworks/snaps</path_snap>
  <path_fanart>/storage/.kodi/userdata/addon_data/plugin.program.advanced.emulator.launcher/artworks/fanarts</path_fanart>
  <path_banner>/storage/.kodi/userdata/addon_data/plugin.program.advanced.emulator.launcher/artworks/banners</path_banner>
  <path_clearlogo>/storage/.kodi/userdata/addon_data/plugin.program.advanced.emulator.launcher/artworks/clearlogos</path_clearlogo>
  <path_boxfront>/storage/.kodi/userdata/addon_data/plugin.program.advanced.emulator.launcher/artworks/boxfront</path_boxfront>
  <path_boxback>/storage/.kodi/userdata/addon_data/plugin.program.advanced.emulator.launcher/artworks/boxback</path_boxback>
  <path_cartridge>/storage/.kodi/userdata/addon_data/plugin.program.advanced.emulator.launcher/artworks/cartridges</path_cartridge>
  <path_flyer>/storage/.kodi/userdata/addon_data/plugin.program.advanced.emulator.launcher/artworks/flyers</path_flyer>
  <path_map>/storage/.kodi/userdata/addon_data/plugin.program.advanced.emulator.launcher/artworks/maps</path_map>
  <path_manual>/storage/.kodi/userdata/addon_data/plugin.program.advanced.emulator.launcher/artworks/manuals</path_manual>
  <path_trailer>/storage/.kodi/userdata/addon_data/plugin.program.advanced.emulator.launcher/artworks/trailers</path_trailer>
</launcher>
</advanced_emulator_launcher>
